"Permit.Number","Applied","Approved","Issued.Date","Finaled","Expired","Permit.Type","Permit.Sub.Type","Status","Subdivision","Address","Description","Job.Value","CO.Issued.Date","Contractor.Name","RECORDID"
"CMIS23-00158","06/22/2023","06/27/2023","07/05/2023","","01/01/2024","COMMMISC","SALES AND CONST TRAILER","ISSUED","","7902 CARR DR","Construction Trailer",1401236,"","SAUNDERS CONSTRUCTION LLC","ECON:230622011531657"
"CMIS23-00149","06/09/2023","09/08/2023","09/13/2023","","03/12/2024","COMMMISC","SALES AND CONST TRAILER","ISSUED","SABELL FLG 2","11904 W 57TH DR","Temporary Sales Trailer",5000,"","REMINGTON HOMES COMPANY","ECON:230609120431031"
"CMIS23-00126","05/16/2023","05/22/2023","05/23/2023","","11/22/2023","COMMMISC","ACCESSORY STRUCTURE","ISSUED","","10501 W 63RD LN","COMMON ELECTRIC PANEL FOR SITE...",600,"","RALSTON TERRACE LLC","ECON:230516115353195"
"CMIS23-00101","04/25/2023","05/17/2023","05/17/2023","","11/13/2023","COMMMISC","SALES AND CONST TRAILER","ISSUED","RALSTON CREEK SOUTHEAST MINOR ...","5772 GARRISON ST","CONSTRUCTION/OFFICE TRAILER",2.2e+07,"","R.G. BRINKMANN - ROW","ECON:230425030553049"
"CMIS23-00072","03/30/2023","05/19/2023","05/23/2023","","11/29/2023","COMMMISC","SALES AND CONST TRAILER","ISSUED","RALSTON CREEK TOWNHOMES SUBDIV...","9468 W 58TH LN A","Temp Const Office AND STORAGE ...",5000,"","CAISSON INVESTMENTS INC dba BE...","ECON:230330012248129"
"CMIS23-00057","03/17/2023","05/15/2023","05/31/2023","","11/27/2023","COMMMISC","ACCESSORY STRUCTURE","ISSUED","LEYDEN ROCK SUB FLG NO 1","17685 W 83RD DR","Shade Structure Install with c...",10500,"","STONE CABIN DESIGNS LLC","ECON:230317042758135"
"CMIS23-00027","02/01/2023","04/10/2023","04/11/2023","","10/08/2023","COMMMISC","SALES AND CONST TRAILER","ISSUED","","16753 CANDELAS PKWY","construction trailer at Trails...",5000,"","TAYLOR MORRISON","ECON:230201022718062"
"CMIS22-00247","12/29/2022","02/01/2023","02/03/2023","02/13/2023","","COMMMISC","ACCESS CONTROL","FINALED","THE MEADOWS CENTRE A PLANNED U...","8230 W 80TH AVE 1","REVIVE CHURCH ACCESS CONTROL",2150,"","VIDEOTRONIX INC","JSUK:221229022533534"
"CMIS22-00232","11/17/2022","11/17/2022","11/18/2022","03/07/2023","","COMMMISC","PLUMBING","FINALED","SKYLINE ESTATES FILING NO. 1 -...","10239 W 55TH DR 203","Install 75 gal gas water heate...",6015,"","COFFMAN & COMPANY HEATING AND ...","MR:2211171051180416"
"CMIS22-00230","11/16/2022","11/16/2022","11/16/2022","11/22/2022","","COMMMISC","MECHANICAL","FINALED","ARVADA WATER TOWER DISTRICT","5480 ALLISON ST 201","Replace 80% 70k BTU furnace & ...",12750,"","COOPER HEATING & COOLING INC","MR:2211161046570691"
"CMIS22-00231","11/16/2022","11/16/2022","11/23/2022","12/12/2022","","COMMMISC","MECHANICAL","FINALED","WESTDALE TOWNHOMES","7968 CHASE CIR 89","Replace furnace 80 % eff/45k B...",18242,"","FIX-IT GROUP LLC","MR:2211160242451337"
"CMIS22-00228","11/15/2022","11/15/2022","11/18/2022","12/02/2022","","COMMMISC","PLUMBING","FINALED","LAKE ARBOR TOWNHOMES","8737 CHASE DR 150","INSTALL 40 GAL GAS 40BTU WATER...",2715,"","SQUEAKS SERVICES","MR:2211150114031052"
"CMIS22-00226","11/14/2022","11/15/2022","11/16/2022","","05/28/2023","COMMMISC","MECHANICAL","EXPIRED","SHOPS ON WADSWORTH SUBDIVISION","6680 WADSWORTH BLVD A","FURNACE REPLACEMENT 120K BTU, ...",8000,"","VECTRA MECHANICAL","AH:2211140333521436"
"CMIS22-00224","11/11/2022","11/11/2022","09/14/2023","09/18/2023","","COMMMISC","MECHANICAL","FINALED","WESTDALE TOWNHOMES","7908 CHASE CIR 138","REPLACE 50K BTU 80% FURNACE",4029.5,"","ARS / RESCUE ROOTER","AH:2211110958060426"
"CMIS22-00225","11/11/2022","11/11/2022","11/18/2022","02/03/2023","","COMMMISC","PLUMBING","FINALED","CONDOMINIUM MAP FOR TIMBERCOVE...","8481 EVERETT WAY D","TUB TO SHOWER",2944,"","WEST SHORE HOME, LLC","AH:2211111148590807"
"CMIS22-00223","11/09/2022","11/09/2022","11/14/2022","","05/13/2023","COMMMISC","PLUMBING","EXPIRED","SKYLINE ESTATES FILING NO. 1 -...","10149 W 55TH DR 103","40 GAL GAS WATER HEATER",4600,"","AAA SERVICE PLUMBING LLC","AH:2211091158210669"
"CMIS22-00222","11/08/2022","11/08/2022","11/09/2022","11/11/2022","","COMMMISC","PLUMBING","FINALED","KIMBROUGH RIDGE","8665 W 62ND AVE","100 GAL W/H , 84K BTU",6000,"","PLUMB PROS INC","AH:2211081128250748"
"CMIS22-00221","11/04/2022","11/04/2022","11/04/2022","11/17/2022","","COMMMISC","PLUMBING","FINALED","VILLAGE OF FIVE PARKS FILING N...","13990 W 83RD PL C","40 GAL WATER HEATER REPLACEMEN...",1600,"","EURO PLUMBING LLC","MR:2211040328410937"
"CMIS22-00219","10/31/2022","10/31/2022","11/07/2022","","05/06/2023","COMMMISC","PLUMBING","EXPIRED","WESTDALE TOWNHOMES","7957 CHASE CIR 190","Install a 40 gal gas hot water...",1500,"","ARS / RESCUE ROOTER","MR:2210310230450934"
"CMIS22-00218","10/28/2022","10/28/2022","11/04/2022","03/03/2023","","COMMMISC","PLUMBING","FINALED","WESTDALE TOWNHOMES","7991 CHASE CIR 36","INSTALL 40 GAL GAS WATER HEATE...",1500,"","ARS / RESCUE ROOTER","AH:2210280349161216"
"CMIS22-00212","10/19/2022","10/19/2022","03/13/2023","04/20/2023","","COMMMISC","PLUMBING","FINALED","ARVADA RIDGE, 5TH AMENDMENT","10057 W 52ND PL 202","Replace gas water heater R/R 4...",3627.72,"","QUALITY 1ST PLUMBING HEATING A...","MR:2210191210050618"
"CMIS22-00213","10/19/2022","11/03/2022","12/08/2022","03/07/2023","","COMMMISC","MECHANICAL","FINALED","A REPLAT OF CLUB CREST CONDOMI...","7883 ALLISON WAY 101","Replace furnace 40k BTU, 95% &...",11295,"","CO SERVICE TECHS DBA EFFICIENT...","MR:2210190101220765"
"CMIS22-00211","10/14/2022","10/14/2022","11/11/2022","11/11/2022","","COMMMISC","MECHANICAL","FINALED","VAN VOORHIS SUBDIVISION","8101 RALSTON RD","DEMO EXISTING BOILER REPLACE W...",145537,"","DUCTS UNLIMITED MECH SYSTEMS","DRO:2210141255020744"
"CMIS22-00210","10/13/2022","10/13/2022","03/13/2023","04/20/2023","","COMMMISC","PLUMBING","FINALED","ARVADA RIDGE, 3RD AMENDMENT","10228 W 52ND PL 310","REPLACE WATER HEATER 48 GAL 65...",3862.11,"","QUALITY 1ST PLUMBING HEATING A...","DRO:2210130401581215"
"CMIS22-00207","10/07/2022","10/10/2022","10/18/2022","11/02/2022","","COMMMISC","PLUMBING","FINALED","THE OAKS CONDOMINIUMS","8467 EVERETT WAY E","Install of expansion tank/port...",300,"","KEATING PIPEWORKS INC","ECON:221007084042366"
"CMIS22-00203","10/05/2022","10/16/2022","10/24/2022","11/15/2022","","COMMMISC","MECHANICAL","FINALED","ALLENDALE Twelfth Filing","6350 UNION ST","Converting owners wood burning...",3000,"","THE GAS CONNECTION INC","DRO:2210050334351232"
"CMIS22-00204","10/05/2022","10/16/2022","10/24/2022","11/15/2022","","COMMMISC","MECHANICAL","FINALED","ALLENDALE Twelfth Filing","6348 UNION ST","Converting owners wood burning...",3000,"","THE GAS CONNECTION INC","DRO:2210050338181255"
"CMIS22-00205","10/05/2022","10/16/2022","10/24/2022","11/15/2022","","COMMMISC","MECHANICAL","FINALED","ALLENDALE Twelfth Filing","6352 UNION ST","Converting owners wood burning...",3000,"","THE GAS CONNECTION INC","DRO:2210050339261276"
"CMIS22-00206","10/05/2022","10/16/2022","10/24/2022","11/15/2022","","COMMMISC","MECHANICAL","FINALED","ALLENDALE Twelfth Filing","6354 UNION ST","Converting owners wood burning...",3000,"","THE GAS CONNECTION INC","DRO:2210050340111292"
"CMIS22-00201","10/04/2022","10/04/2022","10/05/2022","","04/03/2023","COMMMISC","PLUMBING","EXPIRED","RALSTON SQUARE SHOPPING CENTER...","12312 W 64TH AVE","REPLACE WATER HEATER WITH 75 G...",4500,"","BLUE SKY PLUMBING","AH:2210040248550866"
"CMIS22-00200","09/29/2022","09/29/2022","09/29/2022","","03/28/2023","COMMMISC","MECHANICAL","EXPIRED","LUNA MINOR SUBDIVISION","6315 SHERIDAN BLVD","Replace RTU like for like",10000,"","JACK MICEK HEATING & COOLING","ECON:220929074332080"
"CMIS22-00197","09/23/2022","09/23/2022","09/26/2022","10/19/2022","","COMMMISC","MECHANICAL","FINALED","ARVADA WATER TOWER DISTRICT","5424 ZEPHYR ST 203","REPLACE AC WITH 2 TON 13 SEER ",7158,"","COOPER HEATING & COOLING INC","DRO:2209230321030975"
"CMIS22-00199","09/23/2022","09/23/2022","09/26/2022","11/16/2022","","COMMMISC","MECHANICAL","FINALED","THE GRACE PLACE","10785 W 63RD PL 108","REPLACE FURNACE 50K BTU 80%",4000,"","WN, LLC DBA WIRENUT HOME SERVI...","DRO:2209230410411168"
"CMIS22-00195","09/19/2022","09/19/2022","09/20/2022","","03/19/2023","COMMMISC","PLUMBING","EXPIRED","ARVADA RIDGE, 5TH AMENDMENT","10117 W 52ND PL 302","48G, 65K WATER HEATER",3286.21,"","QUALITY 1ST PLUMBING HEATING A...","AH:2209190931030402"
"CMIS22-00189","09/02/2022","09/02/2022","09/02/2022","","03/01/2023","COMMMISC","PLUMBING","EXPIRED","CONDOMINIUM MAP FOR TIMBERCOVE...","8448 EVERETT WAY B","Replace existing water heater ...",2000,"","LAKEWOOD PLUMBING LLC","DRO:2209020835090163"
"CMIS22-00183","08/25/2022","08/25/2022","09/15/2022","12/30/2022","","COMMMISC","PLUMBING","FINALED","ARVADA WATER TOWER DISTRICT","5425 ZEPHYR ST 203","INSTALL 40 GAL GAS WATER HEATE...",2822,"","AAA SERVICE PLUMBING LLC","AH:2208251033450311"
"CMIS22-00179","08/18/2022","08/19/2022","08/22/2022","","03/08/2023","COMMMISC","MECHANICAL","EXPIRED","","6820 W 66TH AVE","Boiler Install",30500,"","TORREYS PEAK MECHANICAL INC","ECON:220818075442335"
"CMIS22-00178","08/17/2022","08/18/2022","09/08/2022","","03/07/2023","COMMMISC","MECHANICAL","EXPIRED","WOODLAND HILLS","6420 WARD RD","Install 2 4 ton RTU & ducts",24586,"","GO GREEN HEATING & A/C","ECON:220817080447029"
"CMIS22-00177","08/16/2022","08/17/2022","08/22/2022","","09/13/2023","COMMMISC","MECHANICAL","EXPIRED","WESTWOODS SHOPPING CENTER FILI...","15400 W 64TH AVE E7","Replace 1 existing Trane 7.5-t...",13875,"","CONDITIONED AIR CORP","ECON:220816012625074"
"CMIS22-00175","08/12/2022","08/12/2022","08/12/2022","","02/08/2023","COMMMISC","MECHANICAL","EXPIRED","A REPLAT OF CLUB CREST CONDOMI...","7899 ALLISON WAY 204","REPLACE 80%, 60 BTU FURNANCE, ...",10750,"","TICO HVAC LLC","AH:2208120813270136"
"CMIS22-00172","08/09/2022","08/09/2022","08/10/2022","","02/14/2023","COMMMISC","MECHANICAL","EXPIRED","A REPLAT OF CLUB CREST CONDOMI...","7889 ALLISON WAY 301","FURNACE RHEEM SINGLE STAGE ",2500,"","WATERWORKS PLUMBING & HEATING","DRO:2208090136291326"
"CMIS22-00173","08/09/2022","08/09/2022","08/26/2022","","02/22/2023","COMMMISC","PLUMBING","EXPIRED","THE GRACE PLACE AMENDED FILING...","6350 OAK ST 102","Install 40 gallon gas 36,000 b...",2244.85,"","SQUEAKS SERVICES","JSUK:220809041558890"
"CMIS22-00167","08/08/2022","08/08/2022","08/08/2022","","05/15/2023","COMMMISC","PLUMBING","EXPIRED","NORTHRIDGE SHOPPING CENTER - S...","7947 WADSWORTH BLVD"," INSTALL 50 GAL, 208 VOLT, 3 P...",10399,"","BROTHERS PLUMBING & HEATING IN...","AH:2208080843200166"
"CMIS22-00168","08/08/2022","08/08/2022","08/12/2022","","02/08/2023","COMMMISC","MECHANICAL","EXPIRED","ARVADA RIDGE, 5TH AMENDMENT","10357 W 52ND PL 211","REPLACED 13 SEER A/C UNIT",5638,"","QUALITY 1ST PLUMBING HEATING A...","AH:2208080855230239"
"CMIS22-00169","08/08/2022","08/08/2022","08/16/2022","","02/12/2023","COMMMISC","MECHANICAL","EXPIRED","ARVADA RIDGE, 5TH AMENDMENT","10357 W 52ND PL 111","REPLACED 13 SEER, 2 TON A/C UN...",5862,"","QUALITY 1ST PLUMBING HEATING A...","AH:2208080904510293"
"CMIS22-00170","08/08/2022","08/08/2022","08/10/2022","","02/06/2023","COMMMISC","PLUMBING","EXPIRED","ARVADA RIDGE, 3RD AMENDMENT","10268 W 52ND PL 209","REPLACE 48 GAL, 65K BTU WATER ...",2650,"","QUALITY 1ST PLUMBING HEATING A...","AH:2208080909230321"
"CMIS22-00166","08/03/2022","08/03/2022","08/12/2022","11/30/2022","","COMMMISC","PLUMBING","FINALED","SKYLINE ESTATES FILING NO. 1 -...","5534 LEWIS ST 206","REPLACE 55 GAL GAS WATER HEATE...",3313.5,"","DOCTOR FIX-IT HTG, COOLING & E...","AH:2208030332121509"
"CMIS22-00163","08/02/2022","08/02/2022","08/02/2022","08/03/2022","","COMMMISC","PLUMBING","FINALED","CUB SQUARE","8055 SHERIDAN BLVD","REPLACE LIKE FOR LIKE WATER HE...",24780.18,"","KRAUS & COMPANY JETTING INC","DRO:2208021239150814"
"CMIS22-00164","08/02/2022","08/02/2022","08/12/2022","","02/08/2023","COMMMISC","PLUMBING","EXPIRED","ARVADA RIDGE, 3RD AMENDMENT","10188 W 52ND PL 203","REMOVE AND REPLACE WATER HEATE...",2301.89,"","QUALITY 1ST PLUMBING HEATING A...","DRO:2208020158381086"
"CMIS22-00161","08/01/2022","08/05/2022","08/12/2022","","02/08/2023","COMMMISC","MECHANICAL","EXPIRED","ARVADA RIDGE, 3RD AMENDMENT","10338 W 52ND PL 101","REMOVE AND REPLACE AC  2TON 13...",2301.89,"","QUALITY 1ST PLUMBING HEATING A...","DRO:2208010132551096"
"CMIS22-00162","08/01/2022","08/02/2022","04/11/2023","","10/30/2023","COMMMISC","MECHANICAL","ISSUED","ARVADA VILLAGE CENTER SUBDIVIS...","5804 WARD RD","Replacing (2) existing RTU's",24000,"","VECTRA MECHANICAL","ECON:220801020048853"
"CMIS22-00160","07/28/2022","08/04/2022","08/05/2022","08/10/2022","","COMMMISC","PLUMBING","FINALED","WILD GRASS COMMERCIAL FILING N...","8790 INDIANA ST","REPLACEMENT OF 50 GAL ELECTRIC...",3509.16,"","BLAIR FACILITY MAINTENANCE","DRO:2207280937590403"
"CMIS22-00134","07/22/2022","12/02/2022","08/12/2022","","09/26/2023","COMMMISC","MECHANICAL","ISSUED","THE MEADOWS AT WESTWOODS RANCH...","16255 W 64TH AVE 1","RTU",4000,"","PLANET ROOFING & SOLAR","ECON:220722080326350"
"CMIS22-00135","07/22/2022","12/02/2022","08/12/2022","","05/30/2023","COMMMISC","MECHANICAL","EXPIRED","THE MEADOWS AT WESTWOODS RANCH...","16255 W 64TH AVE 11","3 TON - RTU",4000,"","PLANET ROOFING & SOLAR","ECON:220722081141215"
"CMIS22-00136","07/22/2022","12/02/2022","08/12/2022","","05/30/2023","COMMMISC","MECHANICAL","EXPIRED","THE MEADOWS AT WESTWOODS RANCH...","16255 W 64TH AVE 12","RTU 3 TON REPLACEMENT",4000,"","PLANET ROOFING & SOLAR","ECON:220722081439417"
"CMIS22-00137","07/22/2022","11/28/2022","08/12/2022","","05/30/2023","COMMMISC","MECHANICAL","EXPIRED","THE MEADOWS AT WESTWOODS RANCH...","16255 W 64TH AVE 13","RTU 3 TON REPLACEMENT",4000,"","PLANET ROOFING & SOLAR","ECON:220722083726202"
"CMIS22-00138","07/22/2022","12/02/2022","08/12/2022","","09/26/2023","COMMMISC","MECHANICAL","ISSUED","THE MEADOWS AT WESTWOODS RANCH...","16255 W 64TH AVE 14","RTU 4 TON REPLACEMENT LIKE FOR...",5000,"","PLANET ROOFING & SOLAR","ECON:220722084447703"
"CMIS22-00139","07/22/2022","12/02/2022","08/12/2022","","09/26/2023","COMMMISC","MECHANICAL","ISSUED","THE MEADOWS AT WESTWOODS RANCH...","16255 W 64TH AVE 2","RTU 4 TON REPLACEMENT LIKE FOR...",5000,"","PLANET ROOFING & SOLAR","ECON:220722085001129"
"CMIS22-00140","07/22/2022","12/02/2022","08/12/2022","","05/30/2023","COMMMISC","MECHANICAL","EXPIRED","THE MEADOWS AT WESTWOODS RANCH...","16255 W 64TH AVE 3","RTU 4 TON REPLACEMENT LIKE FOR...",5000,"","PLANET ROOFING & SOLAR","ECON:220722085228299"
"CMIS22-00141","07/22/2022","12/02/2022","08/12/2022","","09/26/2023","COMMMISC","MECHANICAL","ISSUED","THE MEADOWS AT WESTWOODS RANCH...","16255 W 64TH AVE 4","RTU 4 TON REPLACEMENT LIKE FOR...",5000,"","PLANET ROOFING & SOLAR","ECON:220722093840753"
"CMIS22-00142","07/22/2022","12/02/2022","08/12/2022","","09/26/2023","COMMMISC","MECHANICAL","ISSUED","THE MEADOWS AT WESTWOODS RANCH...","16255 W 64TH AVE 5","RTU 4 TON REPLACEMENT LIKE FOR...",5000,"","PLANET ROOFING & SOLAR","ECON:220722094411181"
"CMIS22-00143","07/22/2022","12/02/2022","08/12/2022","","09/26/2023","COMMMISC","MECHANICAL","ISSUED","THE MEADOWS AT WESTWOODS RANCH...","16255 W 64TH AVE 6","RTU 4 TON REPLACEMENT LIKE FOR...",5000,"","PLANET ROOFING & SOLAR","ECON:220722103915560"
"CMIS22-00144","07/22/2022","12/02/2022","08/12/2022","","09/26/2023","COMMMISC","MECHANICAL","ISSUED","THE MEADOWS AT WESTWOODS RANCH...","16255 W 64TH AVE 7","RTU 4 TON REPLACEMENT LIKE FOR...",5000,"","PLANET ROOFING & SOLAR","ECON:220722104154742"
"CMIS22-00145","07/22/2022","12/02/2022","08/12/2022","","09/26/2023","COMMMISC","MECHANICAL","ISSUED","THE MEADOWS AT WESTWOODS RANCH...","16255 W 64TH AVE 7","RTU 4 TON REPLACEMENT LIKE FOR...",5000,"","PLANET ROOFING & SOLAR","ECON:220722115319260"
"CMIS22-00146","07/22/2022","12/02/2022","08/12/2022","","09/26/2023","COMMMISC","MECHANICAL","ISSUED","THE MEADOWS AT WESTWOODS RANCH...","16255 W 64TH AVE","RTU 4 TON REPLACEMENT LIKE FOR...",5000,"","PLANET ROOFING & SOLAR","ECON:220722115759575"
"CMIS22-00147","07/22/2022","12/02/2022","08/12/2022","","09/26/2023","COMMMISC","MECHANICAL","ISSUED","THE MEADOWS AT WESTWOODS RANCH...","16255 W 64TH AVE 11","RTU 4 TON REPLACEMENT LIKE FOR...",5000,"","PLANET ROOFING & SOLAR","ECON:220722120903446"
"CMIS22-00148","07/22/2022","12/02/2022","08/12/2022","","09/26/2023","COMMMISC","MECHANICAL","ISSUED","THE MEADOWS AT WESTWOODS RANCH...","16255 W 64TH AVE 11","RTU 4 TON REPLACEMENT LIKE FOR...",5000,"","PLANET ROOFING & SOLAR","ECON:220722121120602"
"CMIS22-00149","07/22/2022","12/02/2022","08/12/2022","","09/26/2023","COMMMISC","MECHANICAL","ISSUED","THE MEADOWS AT WESTWOODS RANCH...","16255 W 64TH AVE 12","RTU 7.5 TON REPLACEMENT LIKE F...",6000,"","PLANET ROOFING & SOLAR","ECON:220722121546888"
"CMIS22-00150","07/22/2022","12/02/2022","08/12/2022","","09/26/2023","COMMMISC","MECHANICAL","ISSUED","THE MEADOWS AT WESTWOODS RANCH...","16255 W 64TH AVE 13","RTU 7.5 TON REPLACEMENT LIKE F...",6000,"","PLANET ROOFING & SOLAR","ECON:220722121913209"
"CMIS22-00151","07/22/2022","12/02/2022","08/12/2022","","09/26/2023","COMMMISC","MECHANICAL","ISSUED","THE MEADOWS AT WESTWOODS RANCH...","16255 W 64TH AVE 14","RTU 5 TON REPLACEMENT LIKE FOR...",5500,"","PLANET ROOFING & SOLAR","ECON:220722122123355"
"CMIS22-00152","07/22/2022","07/22/2022","07/25/2022","","01/29/2023","COMMMISC","MECHANICAL","EXPIRED","LAKE ARBOR TOWNHOMES","6936 W 87TH WAY 250","install 2 ton ac with air hand...",9622,"","COFFMAN & COMPANY HEATING AND ...","JSUK:220722124322782"
"CMIS22-00153","07/22/2022","07/22/2022","07/26/2022","","01/22/2023","COMMMISC","MECHANICAL","EXPIRED","FOUR ACRE LAKE","9159 W 50TH LN 203","REPLACE FURNACE AND AC",11250,"","SWAN HEATING & AIR OF DENVER","JSUK:220722011125844"
"CMIS22-00132","07/21/2022","07/22/2022","08/01/2022","","01/28/2023","COMMMISC","PLUMBING","EXPIRED","CUB SQUARE SECOND REPLAT","5225 W 80TH AVE A","Water Heater Swap",16500,"","A BETTER SEWER INSPECTION LLC","ECON:220721123631587"
"CMIS22-00130","07/20/2022","07/20/2022","07/20/2022","","01/16/2023","COMMMISC","MECHANICAL","EXPIRED","A REPLAT OF CLUB CREST CONDOMI...","7825 ALLISON WAY 207","1.5 TON 13 SEER A/C, 40K , 80%...",5500,"","COPPER MECHANICAL LLC","AH:2207200856520349"
"CMIS22-00131","07/20/2022","07/20/2022","07/30/2022","","01/26/2023","COMMMISC","MECHANICAL","EXPIRED","SKYLINE ESTATES FILING NO. 1 -...","5537 LEWIS CT 004","HOT WATER FAN COIL AND CONDENS...",10289,"","AAA SERVICE PLUMBING LLC","JSUK:220720032450323"
"CMIS22-00128","07/15/2022","07/15/2022","07/20/2022","","01/16/2023","COMMMISC","MECHANICAL","EXPIRED","A REPLAT OF CLUB CREST CONDOMI...","7825 ALLISON WAY 204","1.5T, 13 SEER A/C AND 40K, 80%...",5500,"","COPPER MECHANICAL LLC","AH:2207150953360225"
"CMIS22-00125","07/13/2022","07/13/2022","07/13/2022","08/01/2022","","COMMMISC","PLUMBING","FINALED","THE GRACE PLACE AMENDED FILING...","6350 OAK ST 304","INSTALL 40 GAL WATER HEATER",2346,"","COFFMAN & COMPANY HEATING AND ...","AH:2207131040040677"
"CMIS22-00126","07/13/2022","07/13/2022","07/13/2022","","01/09/2023","COMMMISC","PLUMBING","EXPIRED","CONDOMINIUM MAP FOR TIMBERCOVE...","8456 EVERETT WAY E","INSTALL 40 GAL, 40K BTU WATER ...",3922,"","APPLEWOOD PLMB, HTG & ELEC","AH:2207131051060725"
"CMIS22-00124","07/11/2022","07/11/2022","07/11/2022","","04/16/2023","COMMMISC","MECHANICAL","EXPIRED","GRAFF MINOR SUBDIVISION","10734 W 63RD PL 205","REPLACE 60 BTUM 80%, 2 TON A/C",6000,"","MAC VIK PLUMBING & HEATING","AH:2207110844440195"
"CMIS22-00123","07/06/2022","07/07/2022","07/14/2022","","01/10/2023","COMMMISC","MECHANICAL","EXPIRED","PARK CENTER/CANNON MINOR PLAT","8795 RALSTON RD","Replacing 7.5ton RTU for Unit#...",20000,"","RYCO ENTERPRISES LLC","ECON:220706123702172"
"CMIS22-00119","07/01/2022","07/01/2022","08/12/2022","","02/08/2023","COMMMISC","MECHANICAL","EXPIRED","ARVADA RIDGE, 3RD AMENDMENT","10268 W 52ND PL 204","2.5 TON AIR CONDITIONER AND FI...",8620,"","QUALITY 1ST PLUMBING HEATING A...","AH:2207010817020084"
"CMIS22-00121","07/01/2022","07/01/2022","07/01/2022","","02/15/2023","COMMMISC","MECHANICAL","EXPIRED","OGILVIE SUBDIVISION","5801 BALSAM PL","REPLACEMENT EVAPORATIVE COOLER",7000,"","SANCHEZ ARTHUR","DRO:2207011219590682"
"CMIS22-00110","06/17/2022","06/17/2022","06/27/2022","07/01/2022","","COMMMISC","PLUMBING","FINALED","SHOPS ON WADSWORTH SUBDIVISION","6620 WADSWORTH BLVD","SET UP CONTAINMENT AND JACK HA...",2500,"","SAFE INVESTMENT SEWER & DRAIN","DRO:2206170410131380"
"CMIS22-00108","06/15/2022","06/15/2022","08/12/2022","","02/08/2023","COMMMISC","MECHANICAL","EXPIRED","ARVADA RIDGE, 3RD AMENDMENT","10298 W 52ND PL 201","REPALCE 13 SEER , 2 TON A/C",4684,"","QUALITY 1ST PLUMBING HEATING A...","AH:2206150133590838"
"CMIS22-00106","06/10/2022","06/10/2022","06/10/2022","03/24/2023","","COMMMISC","MECHANICAL","FINALED","ARBOR VILLAGE FILING NO. 1 FIN...","8410 WADSWORTH BLVD B","REPLACE ROOF TOP AC LIKE FOR L...",20515,"","BRUCE MECHANICAL OF CO, INC","DRO:2206101256440861"
"CMIS22-00104","06/07/2022","06/08/2022","06/10/2022","","12/07/2022","COMMMISC","MECHANICAL","EXPIRED","RAINBOW RIDGE OFFICE PARK LOT ...","5610 WARD RD 300","Replace two 40-ton Roof Top Un...",205078,"","ROGERS & SONS INC","ECON:220607024251182"
"CMIS22-00102","06/02/2022","06/02/2022","06/06/2022","06/08/2022","","COMMMISC","PLUMBING","FINALED","YARROW GARDENS","7952 OBERON RD D","SEWER REPAIR UNDER FLOOR OF UN...",4250,"","APEX PLUMBING INC","AH:2206021131300834"
"CMIS22-00103","06/02/2022","06/02/2022","08/12/2022","","02/08/2023","COMMMISC","MECHANICAL","EXPIRED","","5383 CARR ST 217","A/C, FURNACE AND EVAP COOLER",5500,"","COPPER MECHANICAL LLC","AH:2206020230011594"
"CMIS22-00099","05/31/2022","05/31/2022","05/31/2022","","02/11/2023","COMMMISC","PLUMBING","EXPIRED","KUSHNER KORNER SUBDIVISION","12380 RALSTON RD","CLOSET INTO POWER BATH, W/H, D...",5000,"","LOGISTICS PLUMBING & HTG CO","AH:2205311059280731"
"CMIS22-00100","05/31/2022","05/31/2022","05/31/2022","","11/27/2022","COMMMISC","PLUMBING","EXPIRED","CLUB CREST CONDOMINIUMS PH 4 T...","7897 ALLISON WAY 203","INSTALL 40 GAL GAS WATER HEATE...",1500,"","ARS / RESCUE ROOTER","AH:2205311142010947"
"CMIS22-00101","05/31/2022","05/31/2022","08/12/2022","","02/08/2023","COMMMISC","PLUMBING","EXPIRED","ARVADA RIDGE, 5TH AMENDMENT","10237 W 52ND PL","REMOVED REPLACE 48 GAL 65K BTU...",2725,"","QUALITY 1ST PLUMBING HEATING A...","DRO:2205310351451895"
"CMIS22-00092","05/26/2022","05/26/2022","05/26/2022","08/25/2022","","COMMMISC","MECHANICAL","FINALED","KUSHNER KORNER SUBDIVISION","12380 RALSTON RD","REPLACE AC 30K BTU & (2) FURNA...",20000,"","CRESPIN MECHANICAL INC","DRO:2205260850360247"
"CMIS22-00091","05/25/2022","05/25/2022","05/25/2022","","11/21/2022","COMMMISC","MECHANICAL","EXPIRED","A REPLAT OF CLUB CREST CONDOMI...","7825 ALLISON WAY 203","REPLACE AC 13 SEER 1.5 TON AND...",5500,"","COPPER MECHANICAL LLC","DRO:2205251213520757"
"CMIS22-00089","05/24/2022","05/24/2022","05/25/2022","","11/21/2022","COMMMISC","MECHANICAL","EXPIRED","VILLAGE FOUR-PLEXES OF ARVADA ...","10253 W 80TH DR D","NEW AC 16 SEER 2 TON ",6983,"","COOPER HEATING & COOLING INC","DRO:2205241105380763"
"CMIS22-00088","05/23/2022","05/23/2022","05/23/2022","","11/19/2022","COMMMISC","PLUMBING","EXPIRED","WESTDALE TOWNHOMES","7999 CHASE CIR 32","WATER HEATER 40 GAL LIKE FOR L...",1819.01,"","STEADFAST PLUMBING INC","DRO:2205230350222025"
"CMIS22-00087","05/19/2022","05/19/2022","05/19/2022","","11/15/2022","COMMMISC","MECHANICAL","EXPIRED","A REPLAT OF CLUB CREST CONDOMI...","7845 ALLISON WAY 107","REPLACE A/C, FURNACE AND EVAP ...",5500,"","COPPER MECHANICAL LLC","AH:2205191126040797"
"CMIS22-00086","05/18/2022","05/18/2022","05/18/2022","","11/14/2022","COMMMISC","PLUMBING","EXPIRED","THE YACHT CLUB","4882 W 68TH AVE 3","REPLACE 40 GAL WATER HEATER",1721.71,"","STEADFAST PLUMBING INC","AH:2205180218020846"
"CMIS22-00084","05/12/2022","05/12/2022","05/18/2022","","12/10/2022","COMMMISC","MECHANICAL","EXPIRED","SKYLINE ESTATES FILING NO. 1 -...","10290 W 55TH LN 105","AC 14 SEER 2.5 TON ",12223,"","BLUE SKY PLUMBING/HTG","DRO:2205120913160220"
"CMIS22-00085","05/12/2022","05/12/2022","05/13/2022","","04/26/2023","COMMMISC","MECHANICAL","EXPIRED","SPRINGWOOD-NIGHTINGALE MINOR S...","6550 YANK WAY","REPLACE FURANCE 40K BTU 80% AN...",11211,"","BLUE SKY PLUMBING/HTG","DRO:2205120350111166"
"CMIS22-00082","05/09/2022","08/26/2022","08/29/2022","","11/04/2023","COMMMISC","MECHANICAL","ISSUED","EAGLE SUBDIVISION AMENDMENT NO...","5324 WADSWORTH BLVD A","REPLACE EXISTING HOOD WITH LAR...",82000,"","ALL GREEN CONSTRUCTION LLC","DRO:2205091038250382"
"CMIS22-00083","05/09/2022","05/11/2022","05/16/2022","","11/12/2022","COMMMISC","MECHANICAL","EXPIRED","LAKE ARBOR FAIRWAYS","6845 W 84TH CIR","Install gas line from gas mete...",2145,"","THE GAS CONNECTION INC","AH:2205090142420863"
"CMIS22-00079","05/05/2022","05/05/2022","05/09/2022","05/13/2022","","COMMMISC","MECHANICAL","FINALED","THE YACHT CLUB","6860 XAVIER CIR 12","REPLACE AC 2TON AND FURNACE 50...",8900,"","SOXBURY HEATING & COOLING LLC","DRO:2205050120451059"
"CMIS22-00078","05/04/2022","05/04/2022","05/04/2022","","10/31/2022","COMMMISC","PLUMBING","EXPIRED","RESIDENCES AT OLDE TOWN SQUARE...","8123 W 51ST PL 204","REPLACE 40 GAL GAS WATER HEATE...",2124.99,"","STEADFAST PLUMBING INC","AH:2205040445341638"
"CMIS22-00076","05/02/2022","05/02/2022","05/02/2022","06/07/2022","","COMMMISC","PLUMBING","FINALED","VILLAGE OF FIVE PARKS FILING N...","14197 W 84TH CIR B","REPLACE 40 GAL 40K BTU WATER H...",3974,"","APPLEWOOD PLMB, HTG & ELEC","AH:2205021135240816"
"CMIS22-00075","04/29/2022","04/29/2022","04/29/2022","","10/26/2022","COMMMISC","PLUMBING","EXPIRED","ARVADA WATER TOWER DISTRICT FI...","7707 W 54TH AVE 113","REPLACE WATER HEATER 50 GAL 60...",900,"","MASTER ROOTER PLUMBING LLC","DRO:2204290310011023"
"CMIS22-00073","04/28/2022","04/28/2022","04/29/2022","","10/26/2022","COMMMISC","PLUMBING","EXPIRED","A REPLAT OF CLUB CREST CONDOMI...","7815 ALLISON WAY 101","REPLACE GAS WATER HEATER - 30 ...",900,"","MASTER ROOTER PLUMBING LLC","AH:2204280421071217"
"CMIS22-00074","04/28/2022","04/28/2022","04/29/2022","","10/26/2022","COMMMISC","PLUMBING","EXPIRED","A REPLAT OF CLUB CREST CONDOMI...","7809 ALLISON WAY 207","REPLACE GAS WATER HEATER - 30 ...",900,"","MASTER ROOTER PLUMBING LLC","AH:2204280423551253"
"CMIS22-00069","04/22/2022","04/22/2022","04/27/2022","","10/24/2022","COMMMISC","PLUMBING","EXPIRED","ARVADA RIDGE, 5TH AMENDMENT","10357 W 52ND PL 201","REPLACE 50 GAL 65K BTU GAS WAT...",6620,"","QUALITY 1ST PLUMBING HEATING A...","DRO:2204220107140799"
"CMIS22-00070","04/22/2022","04/22/2022","04/27/2022","","10/24/2022","COMMMISC","PLUMBING","EXPIRED","ARVADA RIDGE, 5TH AMENDMENT","10357 W 52ND PL 101","REPLACE 50 GAL 65K BTU GAS WAT...",4820,"","QUALITY 1ST PLUMBING HEATING A...","DRO:2204220113130855"
"CMIS22-00068","04/21/2022","04/21/2022","04/22/2022","05/09/2022","","COMMMISC","MECHANICAL","FINALED","LAKE ARBOR TOWNHOMES","8773 CHASE DR 202","FURNACE 60K BTU 80%",6040,"","BROTHERS PLUMBING & HEATING IN...","DRO:2204210402051646"
"CMIS22-00065","04/19/2022","04/28/2022","05/02/2022","05/03/2022","","COMMMISC","MECHANICAL","FINALED","COTTONWOOD PARK IN RALSTON VAL...","6893 JOYCE ST","Replacement of 2 - 3 and 4 ton...",11500,"","ROCKY MOUNTAIN MECHANICAL AND ...","ECON:220419042242095"
"CMIS22-00063","04/15/2022","04/15/2022","04/20/2022","","11/07/2022","COMMMISC","MECHANICAL","EXPIRED","ARVADA WATER TOWER DISTRICT","7931 W 55TH AVE 311","REPLACE AC 2.5 TON 13 SEER",6000,"","NORTHGLENN HEATING & A/C","DRO:2204151040340560"
"CMIS22-00062","04/14/2022","04/14/2022","04/15/2022","","10/12/2022","COMMMISC","MECHANICAL","EXPIRED","ARVADA RENTALS SUBDIVISION","10675 RALSTON RD","REPLACE FURNACE 90K BTU 80% EF...",13811,"","STEELE BROS HEATING INC","DRO:2204140418121201"
"CMIS22-00058","04/04/2022","04/04/2022","04/04/2022","","11/06/2022","COMMMISC","MECHANICAL","FINALED","LAKE ARBOR TOWNHOMES","6935 W 87TH WAY 297","FURNACE 40K, 80%, A/C 1.5 TON",8200,"","MY GUY HEATING AND AIR LLC","AH:2204040315481580"
"CMIS22-00057","04/01/2022","04/01/2022","05/10/2022","06/01/2022","","COMMMISC","PLUMBING","FINALED","THE OAKS CONDOMINIUMS","8467 EVERETT WAY B","REPLACE 40 GAL WATER HEATER",1500,"","SCHLAG PLUMBING","DRO:2204010245280217"
"CMIS22-00056","03/30/2022","03/30/2022","03/30/2022","","09/27/2022","COMMMISC","PLUMBING","EXPIRED","OBERON HOUSE MINOR SUBDIVISION","9160 W 64TH AVE","replace gas line by hand from ...",2380,"","AAARK HEATING & AIR INC","DRO:2203300841270227"
"CMIS22-00054","03/29/2022","03/29/2022","03/30/2022","","09/26/2022","COMMMISC","PLUMBING","EXPIRED","A REPLAT OF CLUB CREST CONDOMI...","7801 ALLISON WAY 104","REPLACE 40 GAL 36K BTU GAS WAT...",900,"","MASTER ROOTER PLUMBING LLC","DRO:2203291116040875"
"CMIS22-00052","03/28/2022","03/28/2022","03/29/2022","04/14/2022","","COMMMISC","MECHANICAL","FINALED","","6980 PIERCE ST","REMOVE AND REPLACE 200K BTU FU...",15000,"","PLUMB PROS INC","DRO:2203280912060339"
"CMIS22-00053","03/28/2022","03/28/2022","03/29/2022","04/05/2022","","COMMMISC","PLUMBING","FINALED","WESTDALE TOWNHOMES","7924 CHASE CIR 131","REPLACE 40 GAL GAS WATER HEATE...",1680.49,"","STEADFAST PLUMBING INC","DRO:2203280514362190"
"CMIS22-00050","03/25/2022","03/25/2022","03/28/2022","","09/24/2022","COMMMISC","PLUMBING","EXPIRED","REPLAT OF LAKE ARBOR VILLAGE A...","5550 W 80TH PL 9","WATER HEATER REPLACEMENT 38 GA...",3403,"","PRECISION PLUMBING & HEATING I...","AH:2203251000130346"
"CMIS22-00049","03/24/2022","03/24/2022","03/24/2022","05/06/2022","","COMMMISC","PLUMBING","FINALED","BOYD PONDS","16280 W 64TH AVE","REPLACE WATER HEATER - 50 GAL,...",4900,"","MTECH MECHANICAL TECHNOLOGIES ...","AH:2203241150520692"
"CMIS22-00047","03/18/2022","03/18/2022","03/18/2022","","09/14/2022","COMMMISC","PLUMBING","EXPIRED","REPLATE OF FINAL PLAT OF ARVAD...","6007 YARROW ST A","",1850,"","PIPE X LLC","AH:2203180431301224"
"CMIS22-00048","03/18/2022","03/18/2022","03/18/2022","","09/14/2022","COMMMISC","PLUMBING","EXPIRED","REPLATE OF FINAL PLAT OF ARVAD...","6007 YARROW ST B","Interior Sewer repair",1850,"","PIPE X LLC","AH:2203180441091270"
"CMIS22-00043","03/16/2022","03/16/2022","03/16/2022","","09/12/2022","COMMMISC","PLUMBING","EXPIRED","RALSTON VALLEY GARDENS NO 3","10312 W 59TH AVE 2","REPLACE 40 GAL GAS WATER HEATE...",1967.12,"","STEADFAST PLUMBING INC","DRO:2203160157330914"
"CMIS22-00044","03/16/2022","03/16/2022","03/16/2022","03/23/2022","","COMMMISC","PLUMBING","FINALED","REPLAT OF LAKE ARBOR VILLAGE A...","8124 GRAY CT 498","REPLACE 38 GAL WATER HEATER",2500,"","INTEGRATED PLUMBING SYSTEMS","AH:2203160335431257"
"CMIS22-00041","03/14/2022","03/14/2022","03/14/2022","","09/24/2022","COMMMISC","PLUMBING","EXPIRED","THE GRACE PLACE","6380 OAK ST 102","REPLACE 40 GAL WATER HEATER",1930.49,"","STEADFAST PLUMBING INC","AH:2203140453291915"
"CMIS22-00039","03/11/2022","03/11/2022","03/11/2022","03/17/2022","","COMMMISC","MECHANICAL","FINALED","LAKE ARBOR TOWNHOMES","8788 CHASE DR 17","INSTALL 80% 70K BTU FURNACE RE...",6547,"","COOPER HEATING & COOLING INC","AH:2203110923330291"
"CMIS22-00040","03/11/2022","03/11/2022","03/14/2022","","09/10/2022","COMMMISC","PLUMBING","EXPIRED","ARVADA RIDGE, 5TH AMENDMENT","10387 W 52ND PL 306","REPLACE 48 GAL 65K BTU WATER H...",2156,"","QUALITY 1ST PLUMBING HEATING A...","AH:2203110449031329"
"CMIS22-00036","03/10/2022","03/10/2022","03/10/2022","","09/06/2022","COMMMISC","PLUMBING","EXPIRED","WESTDALE TOWNHOMES PHASE 2","7972 CHASE CIR 83","REPLACE 40 GAL WATER HEATER",2028.96,"","STEADFAST PLUMBING INC","AH:2203101035420452"
"CMIS22-00037","03/10/2022","03/10/2022","03/10/2022","03/21/2022","","COMMMISC","PLUMBING","FINALED","AUTUMNWOOD TOWNHOMES 2nd AMEND...","12934 W 64TH DR C","REPLACE 40 GAL WATER HEATER",1967.12,"","STEADFAST PLUMBING INC","AH:2203101046230519"
"CMIS22-00038","03/10/2022","03/10/2022","03/10/2022","","09/21/2022","COMMMISC","PLUMBING","EXPIRED","REPLATE OF FINAL PLAT OF ARVAD...","6007 YARROW ST J","REPLACE 50 GAL WITH BASIC ELEC",6309,"","APPLEWOOD PLMB, HTG & ELEC","AH:2203101050050569"
"CMIS22-00035","03/03/2022","03/03/2022","03/03/2022","03/11/2022","","COMMMISC","PLUMBING","FINALED","THE YACHT CLUB","6891 XAVIER CIR 4","REPLACE 40 GAL WATER HEATER",1815.12,"","STEADFAST PLUMBING INC","DRO:2203030451021242"
"CMIS22-00032","03/02/2022","03/02/2022","03/02/2022","","08/29/2022","COMMMISC","MECHANICAL","EXPIRED","","10795 RALSTON RD 108","40K FURNACE REPLACEMENT",2400,"","COPPER MECHANICAL LLC","AH:2203020818320173"
"CMIS22-00033","03/02/2022","03/02/2022","03/03/2022","","08/30/2022","COMMMISC","PLUMBING","EXPIRED","A REPLAT OF CLUB CREST CONDOMI...","7899 ALLISON WAY 103","40 GAL 40K BTU WATER HEATER RE...",4027,"","APPLEWOOD PLMB, HTG & ELEC","AH:2203020153271522"
"CMIS22-00025","02/18/2022","02/18/2022","02/18/2022","03/09/2022","","COMMMISC","MECHANICAL","FINALED","MAPLELEAF SUBDIVISION FILING N...","7150 SIMMS ST 104","FURANCE 60K BTU 98% EFF",5950,"","LAKESIDE HEATING & A/C INC","DRO:2202181203170559"
"CMIS22-00024","02/16/2022","02/16/2022","02/17/2022","","08/16/2022","COMMMISC","MECHANICAL","EXPIRED","ASPEN BUSINESS PARK","5350 VIVIAN ST","REPLACE ROOFTOP UNIT, 120K BTU...",18297,"","BLUE SKY PLUMBING/HTG","AH:2202160400061599"
"CMIS22-00023","02/15/2022","02/15/2022","02/16/2022","02/22/2022","","COMMMISC","MECHANICAL","FINALED","CONDOMINIUM MAP FOR TIMBERCOVE...","8477 EVERETT WAY B","80,000 BTU, 80% FURNACE ",3700,"","A 1 CHOICE HTG & A/C","AH:2202150940240362"
"CMIS22-00021","02/09/2022","02/09/2022","02/09/2022","","08/08/2022","COMMMISC","PLUMBING","EXPIRED","ARVADA RIDGE, 5TH AMENDMENT","10237 W 52ND PL 112","REPLACE 50 GAL 65K WATER HEATE...",5200,"","QUALITY 1ST PLUMBING HEATING A...","DRO:2202090831410211"
"CMIS22-00019","02/07/2022","02/07/2022","02/07/2022","02/16/2022","","COMMMISC","PLUMBING","FINALED","LAKE ARBOR TOWNHOMES","8774 CHASE DR 35","WATER HEATER 40 GAL ",1967.12,"","STEADFAST PLUMBING INC","DRO:2202070455012611"
"CMIS22-00018","02/03/2022","02/07/2022","02/14/2022","","08/23/2022","COMMMISC","MECHANICAL","EXPIRED","ARBOR VILLAGE FILING NO. 1 FIN...","8700 WADSWORTH BLVD F","INSTALL 8 FIREPLACES AND 1 STO...",12000,"","LEHRER SERVICES LLC","AH:2202031118100476"
"CMIS22-00016","02/01/2022","02/01/2022","02/21/2022","06/27/2022","","COMMMISC","PLUMBING","FINALED","ARVADA WATER TOWER DISTRICT","7931 W 55TH AVE 303","50 GAL, 60K BTU WATER HEATER",4799,"","BROTHERS PLUMBING & HEATING IN...","AH:2202010256071547"
"CMIS22-00015","01/20/2022","01/20/2022","01/20/2022","","07/20/2022","COMMMISC","PLUMBING","EXPIRED","HOBBY GIANT MINOR SUBDIVISION","5545 WADSWORTH BLVD A","INTERIOR WATER LINES & DRAINS ...",4296,"","LAKEWOOD PLUMBING LLC","DRO:2201201043060690"
"CMIS22-00012","01/13/2022","01/13/2022","01/13/2022","","08/15/2022","COMMMISC","PLUMBING","EXPIRED","REPLATE OF FINAL PLAT OF ARVAD...","7885 BARBARA ANN DR B","Replace Elec Water Heater 50g ...",3146,"","APPLEWOOD PLMB, HTG & ELEC","AH:2201130923540546"
"CMIS22-00008","01/12/2022","01/12/2022","01/12/2022","01/25/2022","","COMMMISC","PLUMBING","FINALED","","10310 W 62ND PL","INSTALL 100 GAL 199K BTU WATER...",13378,"","BROOMHALL BROTHERS INC","DRO:2201121027120574"
"CMIS22-00009","01/12/2022","01/12/2022","01/13/2022","","07/12/2022","COMMMISC","MECHANICAL","EXPIRED","CUB SQUARE REPLAT","8075 SHERIDAN BLVD E","Replacing 3 RTUs - disconnect/...",17750,"","ULTIMATE HEATING AND COOLING","AH:2201121042380684"
"CMIS22-00010","01/12/2022","01/12/2022","01/14/2022","","07/13/2022","COMMMISC","PLUMBING","EXPIRED","BROOKVIEW SUBDIVISION","5985 YUKON ST","REPLACE EXISTING 45 GAL SIDE A...",6559,"","BLUE SKY PLUMBING/HTG","DRO:2201121130450863"
"CMIS22-00011","01/12/2022","01/12/2022","01/13/2022","01/24/2022","","COMMMISC","PLUMBING","FINALED","VILLAGE OF FIVE PARKS FILING N...","8349 FLORA ST A","WATER REPLACEMENT 40 GAL 40K",3077,"","APPLEWOOD PLMB, HTG & ELEC","AH:2201121145540920"
"CMIS22-00004","01/04/2022","01/06/2023","01/06/2023","","07/12/2023","COMMMISC","PLUMBING","EXPIRED","SHERIDAN PLAZA INDUSTRIAL PARK...","5783 SHERIDAN FRONTAGE RD D","INSTALL NEW GAS LINES FOR (2) ...",5600,"","ALL AMERICAN PLUMBING LLC","DRO:2201041130430791"
"CMIS22-00003","01/03/2022","01/03/2022","01/04/2022","","07/03/2022","COMMMISC","PLUMBING","EXPIRED","ARVADA RIDGE, 3RD AMENDMENT","10188 W 52ND PL 202","75 GALLON - 62K BTU GAS WATER ...",3200,"","QUALITY 1ST PLUMBING HEATING A...","AH:2201030440401274"
"CMIS21-00327","12/23/2021","12/23/2021","12/24/2021","","06/22/2022","COMMMISC","PLUMBING","EXPIRED","WESTDALE TOWNHOMES","7935 CHASE CIR 170","WATER HEATER 40 GAL",2657.7,"","A BETTER SEWER INSPECTION LLC","DRO:2112230216220804"
"CMIS21-00326","12/16/2021","12/16/2021","12/17/2021","","06/15/2022","COMMMISC","PLUMBING","EXPIRED","LAKE ARBOR TOWNHOMES","8654 CHASE DR 339","40 GAL WATER HEATER REPLACEMEN...",2750,"","BROTHERS PLUMBING & HEATING IN...","AH:2112130303201695"
"CMIS21-00324","12/06/2021","12/06/2021","12/15/2021","","04/15/2023","COMMMISC","MECHANICAL","EXPIRED","NORTHRIDGE SHOPPING CENTER","7899 WADSWORTH BLVD","REMOVE AND REPLACE 25 ROOF TOP...",140000,"","ARRIS INC","AH:2112060449232304"
"CMIS21-00321","12/02/2021","12/03/2021","12/03/2021","12/16/2021","","COMMMISC","PLUMBING","FINALED","LANDSDALE GARDENS","5555 W 56TH AVE","REMOVE AND REPLACE 100 GAL WAT...",13000,"","PIPECRAFT PLUMBING INC","DRO:2112021027451197"
"CMIS21-00322","12/02/2021","12/02/2021","12/16/2021","12/20/2021","","COMMMISC","PLUMBING","FINALED","SUNDSTRAND FLUID HANDLING COMP...","6701 INDIANA ST","INSTALL 100 GAL WATER HEATER 2...",15300,"","PIPECRAFT PLUMBING INC","DRO:2112021111011459"
"CMIS21-00323","12/02/2021","12/02/2021","12/16/2021","12/20/2021","","COMMMISC","PLUMBING","FINALED","SUNDSTRAND FLUID HANDLING COMP...","6701 INDIANA ST","INSTALL 100 GAL WATER HEATER G...",15100,"","PIPECRAFT PLUMBING INC","DRO:2112021113451498"
"CMIS21-00320","11/30/2021","12/01/2021","12/06/2021","12/22/2021","","COMMMISC","MECHANICAL","FINALED","B-TEN SYSTEMS MINOR PLAT","6833 JOYCE ST","REPLACING 2 ROOF-TOP UNITS LIK...",24468.36,"","LIFETIME CONSTRUCTION LLC","AH:2111300320432664"
"CMIS21-00319","11/24/2021","11/24/2021","11/29/2021","","05/28/2022","COMMMISC","MECHANICAL","EXPIRED","A REPLAT OF CLUB CREST CONDOMI...","7891 ALLISON WAY 102","REPLACED A 70,000 BTU FURNACE ...",11221,"","PUBLIC SERVICE OF CO","AH:2111240223551330"
"CMIS21-00294","11/05/2021","11/05/2021","11/06/2021","","05/14/2022","COMMMISC","PLUMBING","EXPIRED","ARVADA WATER TOWER DISTRICT","7931 W 55TH AVE 104","50 GAL GAS WATER HEATER REPLAC...",6947,"","FIX-IT GROUP LLC","AH:2111050440321432"
"CMIS21-00297","11/05/2021","11/05/2021","11/06/2021","","05/17/2022","COMMMISC","MECHANICAL","EXPIRED","LAKE ARBOR TOWNHOMES","8754 CHASE DR 84","2 TON 3 SEER AC REPLACEMENT",7250,"","FIX-IT GROUP LLC","AH:2111050448501523"
"CMIS21-00292","11/02/2021","11/02/2021","11/03/2021","","05/02/2022","COMMMISC","PLUMBING","EXPIRED","LAKE ARBOR TOWNHOMES","8763 CHASE DR 188","40 GAL 36K BTU WATER HEATER RE...",1815.12,"","SQUEAKS SERVICES","AH:2111020444142555"
"CMIS21-00288","11/01/2021","11/01/2021","11/03/2021","","05/02/2022","COMMMISC","PLUMBING","EXPIRED","REPLATE OF FINAL PLAT OF ARVAD...","6005 YARROW ST H","WATER HEATER 50 GAL",1817.79,"","SQUEAKS SERVICES","DRO:2111010300591887"
"CMIS21-00287","10/29/2021","10/29/2021","11/03/2021","","05/02/2022","COMMMISC","PLUMBING","EXPIRED","COLUMBINE VILLAGE ON ALLISON M...","5320 ALLISON ST 204","WATER HEATER 50 GAL 36K BTU",3607,"","SQUEAKS SERVICES","DRO:2110290252101401"
"CMIS21-00282","10/22/2021","10/22/2021","10/25/2021","10/26/2021","","COMMMISC","PLUMBING","FINALED","","8470 W 52ND PL","replace 2 50 gal water heaters...",2400,"","JD PLUMBING & CONSTRUCTION","JSUK:211022043333064"
"CMIS21-00280","10/15/2021","10/15/2021","10/25/2021","","04/23/2022","COMMMISC","MECHANICAL","EXPIRED","CONDOMINIUM MAP FOR TIMBERCOVE...","8402 EVERETT WAY B","75K FURNACE AND 2 TON A/C REPL...",9500,"","BELL PLUMBING AND HEATING","AH:2110151210110895"
"CMIS21-00276","10/07/2021","10/07/2021","10/07/2021","10/22/2021","","COMMMISC","MECHANICAL","FINALED","CONDOMINIUM MAP FOR TIMBERCOVE...","8446 EVERETT WAY C","AIR CONDITIONER REPLACEMENT",5900,"","AUTHORITY BRANDS SERVICES RETA...","AH:2110070841160201"
"CMIS21-00273","10/06/2021","10/06/2021","10/06/2021","","04/04/2022","COMMMISC","PLUMBING","EXPIRED","CONDOMINIUM MAP FOR TIMBERCOVE...","8432 EVERETT WAY A","WATER HEATER 40 GAL LIKE FOR L...",2217.12,"","STEADFAST PLUMBING INC","DRO:2110060934390433"
"CMIS21-00275","10/06/2021","10/21/2021","10/25/2021","","04/23/2022","COMMMISC","MECHANICAL","EXPIRED","","5383 CARR ST 112","REMOVE AND REPLACE CONDENSING ...",4700,"","COPPER MECHANICAL LLC","DRO:2110061104250850"
"CMIS21-00271","10/04/2021","10/04/2021","10/04/2021","10/29/2021","","COMMMISC","MECHANICAL","FINALED","ARVADA WATER TOWER DISTRICT","5440 ALLISON ST 201","FURNACE REP 45K BTU, ELEC REHO...",4800,"","FIX-IT GROUP LLC","AH:2110040828370177"
"CMIS21-00270","09/30/2021","09/30/2021","10/01/2021","","04/18/2022","COMMMISC","MECHANICAL","EXPIRED","WESTDALE TOWNHOMES","7974 CHASE CIR 77","FURNACE AND AC REPLACEMENT",5000,"","JCH MECHANICAL SERVICES LLC","DRO:2109300412531492"
"CMIS21-00263","09/23/2021","09/23/2021","09/24/2021","10/15/2021","","COMMMISC","MECHANICAL","FINALED","POMONA LAKES FILING NO. 2","8300 POMONA DR","REPLACE EXISTING BOILER WITH  ...",34000,"","CLASSIC MECHANICAL INC","JSUK:210923015227654"
"CMIS21-00257","09/09/2021","09/09/2021","09/10/2021","","04/19/2022","COMMMISC","MECHANICAL","EXPIRED","REPLAT OF LAKE ARBOR VILLAGE A...","5580 W 80TH PL 39","FURANCE 60K 80% AND AC 2 TON 1...",10581,"","AAA SERVICE PLUMBING LLC","DRO:2109091032220675"
"CMIS21-00259","09/09/2021","09/09/2021","09/10/2021","09/21/2021","","COMMMISC","PLUMBING","FINALED","HOMETOWN NORTH","15547 W 66TH DR C","INSTALL 40GAL WATER HEATER",2095,"","COFFMAN & COMPANY HEATING AND ...","DRO:2109090352371624"
"CMIS21-00253","09/07/2021","09/07/2021","09/08/2021","","03/07/2022","COMMMISC","PLUMBING","EXPIRED","ARVADA RIDGE, 3RD AMENDMENT","10068 W 52ND PL","REPLACE WATER HEATER 50 GAL 62...",2500,"","QUALITY 1ST PLUMBING HEATING A...","DRO:2109071159221839"
"CMIS21-00251","08/27/2021","08/30/2021","08/31/2021","09/07/2021","","COMMMISC","PLUMBING","FINALED","LAKE ARBOR TOWNHOMES","8717 CHASE DR 231","50 GAL, 40K BTU WH REPLACEMENT",3840,"","APPLEWOOD PLMB, HTG & ELEC","AH:2108270407012708"
"CMIS21-00249","08/24/2021","08/24/2021","08/24/2021","","02/20/2022","COMMMISC","MECHANICAL","EXPIRED","THE YACHT CLUB","6790 SHERIDAN BLVD A","Replace 5 Ton AC and 135K, 80%...",12610,"","SERVICE EXPERTS","AH:2108240917580327"
"CMIS21-00243","08/10/2021","08/10/2021","08/10/2021","09/08/2021","03/07/2022","COMMMISC","MECHANICAL","FINALED","GRAFF MINOR SUBDIVISION","10734 W 63RD PL 302","REPLACE AC 2 TON 13 SEER",5800,"","ASPEN CREEK HEATING & AIR LLC","DRO:2108101039310815"
"CMIS21-00239","07/26/2021","07/26/2021","07/27/2021","","01/23/2022","COMMMISC","PLUMBING","EXPIRED","GRAFF MINOR SUBDIVISION","10784 W 63RD PL 301","REPLACE 40 GAL GAS WATER HEATE...",1780.49,"","STEADFAST PLUMBING INC","DRO:2107261233281445"
"CMIS21-00231","07/15/2021","07/15/2021","07/15/2021","08/16/2021","","COMMMISC","MECHANICAL","FINALED","THE YACHT CLUB","6870 ZENOBIA CIR 2","FURNACE  80% 60KBTU AND AC 18K...",3511,"","AAARK HEATING & AIR INC","DRO:2107151259540967"
"CMIS21-00232","07/15/2021","07/15/2021","07/15/2021","07/29/2021","","COMMMISC","PLUMBING","FINALED","THE YACHT CLUB","6870 ZENOBIA CIR 2","WATER HEATER 40 GAL 40K BTU",1353,"","AAARK HEATING & AIR INC","DRO:2107150104321008"
"CMIS21-00227","07/06/2021","07/07/2021","07/07/2021","07/09/2021","","COMMMISC","PLUMBING","FINALED","","7555 WADSWORTH BLVD","REPLACING 300 GALLON LIFT STAT...",13000,"","APEX PLUMBING INC","DRO:2107060426452261"
"CMIS21-00226","06/30/2021","06/30/2021","07/06/2021","08/31/2021","","COMMMISC","MECHANICAL","FINALED","WESTDALE TOWNHOMES","7999 CHASE CIR 30","REPLACED 70,000 BTU FURNACE & ...",8300,"","PUBLIC SERVICE OF CO","AH:2106300429061978"
"CMIS21-00225","06/28/2021","06/28/2021","06/30/2021","10/25/2022","","COMMMISC","MECHANICAL","FINALED","ARVADA RIDGE","5145 KIPLING ST","#3-10 TON AND #5-5 TON RTU's  ...",24899.8,"","ALPINE REFRIGERATION INC","DRO:2106280225251834"
"CMIS21-00223","06/25/2021","06/25/2021","06/25/2021","","12/22/2021","COMMMISC","MECHANICAL","EXPIRED","","5200 WADSWORTH BYP","12.5 TON ROOFTOP A/C - NEW ELE...",17219,"","BLUE SKY PLUMBING/HTG","AH:2106251130040868"
"CMIS21-00222","06/24/2021","06/24/2021","06/25/2021","07/15/2021","","COMMMISC","MECHANICAL","FINALED","LAKE ARBOR TOWNHOMES","6952 W 87TH WAY 259","REPLACE AC 2 TON 13 SEER",5848,"","STEELE BROS HEATING INC","DRO:2106240503192115"
"CMIS21-00220","06/21/2021","06/21/2021","06/21/2021","06/25/2021","","COMMMISC","MECHANICAL","FINALED","MAPLELEAF SUBDIVISION FILING N...","7080 SIMMS ST 106","2.5 A/C REPLACEMENT - DISCONNE...",7000,"","BROTHERS PLUMBING & HEATING IN...","AH:2106211142511123"
"CMIS21-00219","06/16/2021","06/16/2021","06/16/2021","","12/15/2021","COMMMISC","PLUMBING","EXPIRED","LAKE ARBOR TOWNHOMES","8767 CHASE DR 198","40 GAL WATER HEATER REPLACEMEN...",6559,"","FIX-IT GROUP LLC","AH:2106161018480733"
"CMIS21-00218","06/15/2021","06/15/2021","06/15/2021","","12/12/2021","COMMMISC","MECHANICAL","EXPIRED","TWIN CREEK HOMES","11575 W 70TH PL G","FURNACE 80K 80% LIKE FOR LIKE",4500,"","BROTHERS PLUMBING & HEATING IN...","DRO:2106150852520312"
"CMIS21-00216","06/10/2021","06/10/2021","06/10/2021","06/28/2021","","COMMMISC","PLUMBING","FINALED","GRAFF MINOR SUBDIVISION","10734 W 63RD PL 305","40 GAL WATER HEATER REPLACEMEN...",1500,"","BUMBLEBEE PLUMBING INC","AH:2106101245081094"
"CMIS21-00214","06/07/2021","06/07/2021","06/07/2021","","01/05/2022","COMMMISC","PLUMBING","EXPIRED","A REPLAT OF CLUB CREST CONDOMI...","7881 ALLISON WAY 201","ONE WATER HEATER REPLACEMENT 4...",900,"","PROSPECT PLUMBING LLC","AH:2106071231331037"
"CMIS21-00213","06/03/2021","06/03/2021","06/08/2021","","12/05/2021","COMMMISC","PLUMBING","EXPIRED","A REPLAT OF CLUB CREST CONDOMI...","7801 ALLISON WAY 307","Replacing like for like gas wa...",900,"","MASTER ROOTER PLUMBING LLC","AH:2106030942540527"
"CMIS21-00188","05/25/2021","05/25/2021","05/27/2021","","12/11/2021","COMMMISC","MECHANICAL","EXPIRED","A REPLAT OF CLUB CREST CONDOMI...","7887 ALLISON WAY 201","REPLACE AC 2 TON 13 SEER",4060,"","AAARK HEATING & AIR INC","DRO:2105250432322465"
"CMIS21-00189","05/25/2021","05/25/2021","05/27/2021","","12/11/2021","COMMMISC","PLUMBING","EXPIRED","A REPLAT OF CLUB CREST CONDOMI...","7887 ALLISON WAY 301","REPLACE WATER HEATER 40 GAL 40...",1463,"","AAARK HEATING & AIR INC","DRO:2105250457292648"
"CMIS21-00190","05/25/2021","05/25/2021","05/27/2021","","12/11/2021","COMMMISC","MECHANICAL","EXPIRED","A REPLAT OF CLUB CREST CONDOMI...","7887 ALLISON WAY 301","REPLACE AC 2 TON 13 SEER AND F...",5000,"","AAARK HEATING & AIR INC","DRO:2105250504322759"
"CMIS21-00191","05/25/2021","06/10/2021","06/14/2021","06/22/2021","","COMMMISC","PLUMBING","FINALED","MARCELLA MANOR","6555 SCHNEIDER WAY","REMOVE AND REPLACE 2 -109 GAL ...",46800,"","ADVANCED HYDRONICS INC","DRO:2105250524102874"
"CMIS21-00185","05/17/2021","05/24/2021","05/24/2021","","11/20/2021","COMMMISC","MECHANICAL","EXPIRED","MOUNTAIN VISTA, MINOR PLAT","8043 LEE DR 203","Replace furnace 70K BTU 96% ef...",0,"","ARS / RESCUE ROOTER","AH:2105171137160913"
"CMIS21-00184","05/14/2021","05/14/2021","05/17/2021","05/27/2021","11/23/2021","COMMMISC","MECHANICAL","FINALED","MAPLELEAF SUBDIVISION FILING N...","7170 SIMMS ST 101","FURANCE 38K BTU 80% AND AC 2 T...",5151.5,"","DOCTOR FIX-IT HTG, COOLING & E...","DRO:2105140439472196"
"CMIS21-00181","05/06/2021","05/06/2021","05/06/2021","","11/02/2021","COMMMISC","PLUMBING","EXPIRED","A REPLAT OF CLUB CREST CONDOMI...","7809 ALLISON WAY 306","INSTALL 30 GAL 32K BTU WATER H...",900,"","MASTER ROOTER PLUMBING LLC","DRO:2105060215051924"
"CMIS21-00182","05/06/2021","05/07/2021","05/10/2021","05/11/2021","","COMMMISC","MECHANICAL","FINALED","PARK CENTER/CANNON MINOR PLAT","8795 RALSTON RD 112","REPLACE AC 100,000 BTUS 3 TON",10295,"","RYCO ENTERPRISES LLC","AH:2105060404182254"
"CMIS21-00180","05/05/2021","05/05/2021","05/07/2021","","11/29/2021","COMMMISC","PLUMBING","EXPIRED","ARVADA MARKETPLACE FILING NO. ...","7370 W 52ND AVE","INTERIOR DRAIN AND SEWER REPLA...",8500,"","FRPHI COMMERCIAL CONTRACTING, ...","AH:2105051148160743"
"CMIS21-00171","05/04/2021","05/04/2021","05/05/2021","06/30/2021","12/27/2021","COMMMISC","MECHANICAL","FINALED","WESTWOODS SHOPPING CENTER FILI...","15400 W 64TH AVE E-1A","Like for like replacements of ...",24000,"","CONDITIONED AIR CORP","DRO:2105040822020174"
"CMIS21-00166","04/28/2021","04/28/2021","04/28/2021","","10/25/2021","COMMMISC","PLUMBING","EXPIRED","WESTDALE TOWNHOMES","7946 CHASE CIR 112","REPLACE WATER HEATER WITH 40 G...",2856,"","APPLEWOOD PLMB, HTG & ELEC","AH:2104281114140856"
"CMIS21-00168","04/28/2021","04/28/2021","05/05/2021","06/08/2021","","COMMMISC","MECHANICAL","FINALED","LAKE ARBOR TOWNHOMES","8733 CHASE DR 145","NEW FURNACE 80% 70K BTU AC 2 T...",10542,"","COOPER HEATING & COOLING INC","DRO:2104280403261796"
"CMIS21-00164","04/26/2021","04/26/2021","04/26/2021","09/29/2021","","COMMMISC","PLUMBING","FINALED","WESTDALE TOWNHOMES","7968 CHASE CIR 91","INSTALL 40 GAL GAS WATER HEATE...",2822,"","AAA SERVICE PLUMBING LLC","AH:2104261116050912"
"CMIS21-00120","04/15/2021","04/15/2021","04/16/2021","07/15/2021","","COMMMISC","PLUMBING","FINALED","COLUMBINE VILLAGE ON ALLISON M...","5320 ALLISON ST 106","WATER HEATER 50 GAL GAS 40K BT...",2211,"","PLUMBLINE SERVICES LLC","DRO:2104150451162126"
"CMIS21-00118","04/14/2021","04/14/2021","04/15/2021","07/12/2021","","COMMMISC","MECHANICAL","FINALED","HOMETOWN NORTH","15517 W 66TH DR C","REPLACE FURNACE 80% 100K ",5000,"","BROTHERS PLUMBING & HEATING IN...","DRO:2104140131520990"
"CMIS21-00119","04/14/2021","04/14/2021","04/14/2021","05/25/2021","","COMMMISC","PLUMBING","FINALED","LAKE ARBOR TOWNHOMES","8654 CHASE DR 338","REPLACE WATER HEATER 40 GAL ",1684,"","STEADFAST PLUMBING INC","DRO:2104140211031155"
"CMIS21-00117","04/13/2021","04/27/2021","04/27/2021","06/16/2021","","COMMMISC","MECHANICAL","FINALED","RAINBOW RIDGE OFFICE PARK LOT ...","5610 WARD RD","Replace two Roof Top Units, li...",135000,"","ROGERS & SONS INC","AH:2104130134061539"
"CMIS21-00116","04/09/2021","04/09/2021","04/14/2021","","12/15/2021","COMMMISC","MECHANICAL","EXPIRED","WHITE STORES DEVELOPMENT PLAN","6842 WADSWORTH BLVD","REMOVE AND REPLACE RTU'S 4,5,8...",138430,"","CONTROL SOLUTIONS, INC.","DRO:2104091214500803"
"CMIS21-00114","04/08/2021","04/08/2021","04/08/2021","","10/11/2021","COMMMISC","PLUMBING","EXPIRED","PLAZA-SIX-FOUR","6350 WADSWORTH BLVD A","INSTALL UP-TO 20FT DRAIN LINE ...",2864.8,"","QUALITY 1ST PLUMBING HEATING A...","AH:2104081050060840"
"CMIS21-00110","04/06/2021","04/06/2021","04/06/2021","04/22/2021","","COMMMISC","PLUMBING","FINALED","THE YACHT CLUB","6880 XAVIER CIR 1","WATER HEATER 40K BTU 40 GAL",1999,"","BROTHERS PLUMBING & HEATING IN...","DRO:2104061240441088"
"CMIS21-00106","04/01/2021","04/01/2021","04/05/2021","","10/02/2021","COMMMISC","MECHANICAL","EXPIRED","THE YACHT CLUB","6820 XAVIER CIR 4","2.5 TON, 13 SEER FURNACE AND 7...",7250,"","ARS / RESCUE ROOTER","AH:2104011129360603"
"CMIS21-00105","03/31/2021","04/01/2021","04/06/2021","","10/03/2021","COMMMISC","PLUMBING","EXPIRED","CREEKSIDE A PLANNED UNIT DEVEL...","5901 PIERCE ST","REPLACING LIKE FOR LIKE 100 GA...",9000,"","MASTER ROOTER PLUMBING LLC","DRO:2103310448191669"
"CMIS21-00101","03/26/2021","03/26/2021","04/09/2021","04/20/2021","","COMMMISC","PLUMBING","FINALED","RALSTON STATION FILING NO. 2 A...","11620 W 62ND PL 204","REPLACE WATER HEATER 50 GAL ",3283,"","AAA SERVICE PLUMBING LLC","DRO:2103260432561552"
"CMIS21-00102","03/26/2021","03/26/2021","04/09/2021","","10/06/2021","COMMMISC","PLUMBING","EXPIRED","ARVADA GARDENS","6021 YARROW ST C22","REPLACE WATER HEATER 40 GAL ",2803,"","AAA SERVICE PLUMBING LLC","DRO:2103260445351662"
"CMIS21-00100","03/25/2021","03/25/2021","03/25/2021","04/26/2021","","COMMMISC","PLUMBING","FINALED","REPLATE OF FINAL PLAT OF ARVAD...","7825 BARBARA ANN DR B","REPLACEMENT OF 50 GAL WATER HE...",900,"","PROSPECT PLUMBING LLC","DRO:2103250520401558"
"CMIS21-00097","03/23/2021","03/23/2021","03/23/2021","","09/19/2021","COMMMISC","MECHANICAL","EXPIRED","RALSTON STATION FILING NO. 2 A...","11624 W 62ND PL 101","FURANCE 75K BTU 80% EFF AND AC...",6433.5,"","ARS / RESCUE ROOTER","DRO:2103230912130260"
"CMIS21-00098","03/23/2021","03/23/2021","03/23/2021","04/09/2021","10/06/2021","COMMMISC","MECHANICAL","FINALED","REPLAT OF LAKE ARBOR VILLAGE A...","5620 W 80TH PL 77","FURANCE 50K BTU 80% EFF",2807.5,"","ARS / RESCUE ROOTER","DRO:2103230920200322"
"CMIS21-00094","03/19/2021","05/12/2022","05/12/2022","","11/08/2022","COMMMISC","MECHANICAL","EXPIRED","ST. ELIAS MINOR SUBDIVISION","7580 PIERCE ST","MODIFY EXISTING SYSTEM REMOVE ...",20000,"","FRONT RANGE WIRELESS INC","DRO:2103190753530058"
"CMIS21-00093","03/17/2021","03/17/2021","03/17/2021","","10/11/2021","COMMMISC","MECHANICAL","EXPIRED","LAKE ARBOR TOWNHOMES","8758 CHASE DR 74","REPLACE LIKE FOR LIKE FURNACE ...",19493,"","APPLEWOOD PLMB, HTG & ELEC","DRO:2103170857050219"
"CMIS21-00092","03/16/2021","03/16/2021","03/17/2021","","09/13/2021","COMMMISC","MECHANICAL","EXPIRED","LAKE ARBOR TOWNHOMES","6946 W 87TH WAY 258","FURANCE 70K BTU AND AC 2 TON",8450,"","SERVICE EXPERTS","DRO:2103160339291503"
"CMIS21-00091","03/11/2021","03/11/2021","03/11/2021","","09/27/2021","COMMMISC","PLUMBING","EXPIRED","SHERIDAN 58/SHREVES MINOR SUBD...","5055 W 58TH AVE","Install 40 gallon electric wat...",2095,"","COFFMAN & COMPANY HEATING AND ...","AH:2103110823480143"
"CMIS21-00086","03/02/2021","03/03/2021","03/03/2021","","01/24/2022","COMMMISC","MECHANICAL","EXPIRED","RALSTON VALLEY GARDENS NO 2","10271 W 59TH AVE 1","A/C INSTALL",4000,"","KACH INC DBA MISTER MECHANICAL","AH:2103021119141120"
"CMIS21-00087","03/02/2021","03/03/2021","03/03/2021","","01/24/2022","COMMMISC","MECHANICAL","EXPIRED","RALSTON VALLEY GARDENS NO 2","10271 W 59TH AVE 2","A/C INSTALL",4000,"","KACH INC DBA MISTER MECHANICAL","AH:2103021127591188"
"CMIS21-00088","03/02/2021","03/03/2021","03/03/2021","","01/24/2022","COMMMISC","MECHANICAL","EXPIRED","RALSTON VALLEY GARDENS NO 2","10271 W 59TH AVE 3","A/C INSTALL",4000,"","KACH INC DBA MISTER MECHANICAL","AH:2103021127591189"
"CMIS21-00089","03/02/2021","03/03/2021","03/03/2021","","01/24/2022","COMMMISC","MECHANICAL","EXPIRED","RALSTON VALLEY GARDENS NO 2","10271 W 59TH AVE 4","A/C INSTALL",4000,"","KACH INC DBA MISTER MECHANICAL","AH:2103021127591190"
"CMIS21-00080","02/22/2021","02/23/2021","02/23/2021","","08/22/2021","COMMMISC","PLUMBING","EXPIRED","ARVADA MARKETPLACE FILING NO. ...","5265 VANCE ST","REPLACING POWER VENT 50 GAL W/...",3665,"","PLANET PLUMBING INC","AH:2102220500281959"
"CMIS21-00077","02/17/2021","02/17/2021","02/22/2021","03/11/2021","","COMMMISC","PLUMBING","FINALED","SKYLINE ESTATES FILING NO. 1 -...","10259 W 55TH DR 202","INSTALL 50 GAL GAS WATER HEATE...",4208,"","AAA SERVICE PLUMBING LLC","DRO:2102170259402412"
"CMIS21-00078","02/17/2021","02/17/2021","02/17/2021","05/11/2021","","COMMMISC","MECHANICAL","FINALED","ST. ANDREW MINOR SUBDIVISION N...","6774 W 66TH AVE","2 STAGE FURNANCE 125K 80%",3995,"","MIGHTY PLUMBING & HEATING LLC","DRO:2102170409592948"
"CMIS21-00069","02/12/2021","02/12/2021","02/15/2021","03/04/2021","","COMMMISC","PLUMBING","FINALED","QUAIL RIDGE AT RALSTON","11135 RALSTON RD 101","REPLACING POLYBUTYLENE POTABLE...",3740,"","PHOENIX RENOVATION COMPANY, LL...","AH:2102121108340821"
"CMIS21-00070","02/12/2021","02/12/2021","02/15/2021","03/04/2021","","COMMMISC","PLUMBING","FINALED","QUAIL RIDGE AT RALSTON","11135 RALSTON RD 201","REPLACING POLYBUTYLENE POTABLE...",3740,"","PHOENIX RENOVATION COMPANY, LL...","AH:2102121108340822"
"CMIS21-00071","02/12/2021","02/12/2021","02/15/2021","03/04/2021","","COMMMISC","PLUMBING","FINALED","QUAIL RIDGE AT RALSTON","11135 RALSTON RD 301","REPLACING POLYBUTYLENE POTABLE...",3740,"","PHOENIX RENOVATION COMPANY, LL...","AH:2102121108340823"
"CMIS21-00072","02/12/2021","02/12/2021","02/15/2021","03/04/2021","","COMMMISC","PLUMBING","FINALED","QUAIL RIDGE AT RALSTON","11135 RALSTON RD 103","REPLACING POLYBUTYLENE POTABLE...",3740,"","PHOENIX RENOVATION COMPANY, LL...","AH:2102121108340824"
"CMIS21-00073","02/12/2021","02/12/2021","02/15/2021","03/04/2021","","COMMMISC","PLUMBING","FINALED","QUAIL RIDGE AT RALSTON","11135 RALSTON RD 203","REPLACING POLYBUTYLENE POTABLE...",3740,"","PHOENIX RENOVATION COMPANY, LL...","AH:2102121108340825"
"CMIS21-00074","02/12/2021","02/12/2021","02/15/2021","03/04/2021","","COMMMISC","PLUMBING","FINALED","QUAIL RIDGE AT RALSTON","11135 RALSTON RD 303","REPLACING POLYBUTYLENE POTABLE...",3740,"","PHOENIX RENOVATION COMPANY, LL...","AH:2102121108340826"
"CMIS21-00061","02/10/2021","02/10/2021","02/11/2021","03/03/2021","","COMMMISC","PLUMBING","FINALED","QUAIL RIDGE AT RALSTON","11135 RALSTON RD 102","REPLACING POLYBUTYLENE POTABLE...",5140,"","PHOENIX RENOVATION COMPANY, LL...","AH:2102101147390726"
"CMIS21-00062","02/10/2021","02/10/2021","02/11/2021","03/03/2021","","COMMMISC","PLUMBING","FINALED","QUAIL RIDGE AT RALSTON","11135 RALSTON RD 202","REPLACING POLYBUTYLENE POTABLE...",5140,"","PHOENIX RENOVATION COMPANY, LL...","AH:2102101147390727"
"CMIS21-00063","02/10/2021","02/10/2021","02/11/2021","03/03/2021","","COMMMISC","PLUMBING","FINALED","QUAIL RIDGE AT RALSTON","11135 RALSTON RD 302","REPLACING POLYBUTYLENE POTABLE...",5140,"","PHOENIX RENOVATION COMPANY, LL...","AH:2102101147390728"
"CMIS21-00064","02/10/2021","02/10/2021","02/11/2021","03/03/2021","","COMMMISC","PLUMBING","FINALED","QUAIL RIDGE AT RALSTON","11135 RALSTON RD 104","REPLACING POLYBUTYLENE POTABLE...",5140,"","PHOENIX RENOVATION COMPANY, LL...","AH:2102101147390729"
"CMIS21-00065","02/10/2021","02/10/2021","02/11/2021","03/03/2021","","COMMMISC","PLUMBING","FINALED","QUAIL RIDGE AT RALSTON","11135 RALSTON RD 204","REPLACING POLYBUTYLENE POTABLE...",5140,"","PHOENIX RENOVATION COMPANY, LL...","AH:2102101147390730"
"CMIS21-00066","02/10/2021","02/10/2021","02/11/2021","03/03/2021","","COMMMISC","PLUMBING","FINALED","QUAIL RIDGE AT RALSTON","11135 RALSTON RD 304","REPLACING POLYBUTYLENE POTABLE...",5140,"","PHOENIX RENOVATION COMPANY, LL...","AH:2102101147390731"
"CMIS21-00067","02/10/2021","02/10/2021","02/24/2021","","08/23/2021","COMMMISC","PLUMBING","EXPIRED","MAPLELEAF SUBDIVISION FILING N...","7120 SIMMS ST 101","WATER HEATER REPLACEMENT - 40 ...",2172,"","JAMES PARK","AH:2102100327141586"
"CMIS21-00054","02/09/2021","02/09/2021","02/09/2021","","10/06/2021","COMMMISC","MECHANICAL","EXPIRED","RALSTON STATION FILING NO. 2 A...","11630 W 62ND PL 202","FURNACE REPLACEMENT, 80K, 80%",9616,"","APPLEWOOD PLMB, HTG & ELEC","AH:2102090822100149"
"CMIS21-00055","02/09/2021","02/09/2021","02/10/2021","03/01/2021","","COMMMISC","PLUMBING","FINALED","QUAIL RIDGE AT RALSTON","11135 RALSTON RD 111","REPLACING POLYBUTYLENE POTABLE...",5140,"","PHOENIX RENOVATION COMPANY, LL...","AH:2102090405541850"
"CMIS21-00056","02/09/2021","02/09/2021","02/10/2021","03/01/2021","","COMMMISC","PLUMBING","FINALED","QUAIL RIDGE AT RALSTON","11135 RALSTON RD 211","REPLACING POLYBUTYLENE POTABLE...",5140,"","PHOENIX RENOVATION COMPANY, LL...","AH:2102090405541851"
"CMIS21-00057","02/09/2021","02/09/2021","02/10/2021","03/01/2021","","COMMMISC","PLUMBING","FINALED","QUAIL RIDGE AT RALSTON","11135 RALSTON RD 311","REPLACING POLYBUTYLENE POTABLE...",5140,"","PHOENIX RENOVATION COMPANY, LL...","AH:2102090405541852"
"CMIS21-00058","02/09/2021","02/09/2021","02/10/2021","03/01/2021","","COMMMISC","PLUMBING","FINALED","QUAIL RIDGE AT RALSTON","11135 RALSTON RD 113","REPLACING POLYBUTYLENE POTABLE...",5140,"","PHOENIX RENOVATION COMPANY, LL...","AH:2102090405541853"
"CMIS21-00059","02/09/2021","02/09/2021","02/10/2021","03/01/2021","","COMMMISC","PLUMBING","FINALED","QUAIL RIDGE AT RALSTON","11135 RALSTON RD 213","REPLACING POLYBUTYLENE POTABLE...",5140,"","PHOENIX RENOVATION COMPANY, LL...","AH:2102090405541854"
"CMIS21-00060","02/09/2021","02/09/2021","02/10/2021","03/01/2021","","COMMMISC","PLUMBING","FINALED","QUAIL RIDGE AT RALSTON","11135 RALSTON RD 313","REPLACING POLYBUTYLENE POTABLE...",5140,"","PHOENIX RENOVATION COMPANY, LL...","AH:2102090405541855"
"CMIS21-00048","02/08/2021","02/08/2021","02/09/2021","02/25/2021","","COMMMISC","PLUMBING","FINALED","QUAIL RIDGE AT RALSTON","11135 RALSTON RD 112","REPLACING POLYBUTYLENE POTABLE...",3740,"","PHOENIX RENOVATION COMPANY, LL...","AH:2102080329061942"
"CMIS21-00049","02/08/2021","02/08/2021","02/09/2021","02/25/2021","","COMMMISC","PLUMBING","FINALED","QUAIL RIDGE AT RALSTON","11135 RALSTON RD 212","REPLACING POLYBUTYLENE POTABLE...",3740,"","PHOENIX RENOVATION COMPANY, LL...","AH:2102080333141999"
"CMIS21-00050","02/08/2021","02/08/2021","02/09/2021","02/25/2021","","COMMMISC","PLUMBING","FINALED","QUAIL RIDGE AT RALSTON","11135 RALSTON RD 314","REPLACING POLYBUTYLENE POTABLE...",3740,"","PHOENIX RENOVATION COMPANY, LL...","AH:2102080333142000"
"CMIS21-00051","02/08/2021","02/08/2021","02/09/2021","02/25/2021","","COMMMISC","PLUMBING","FINALED","QUAIL RIDGE AT RALSTON","11135 RALSTON RD 114","REPLACING POLYBUTYLENE POTABLE...",3740,"","PHOENIX RENOVATION COMPANY, LL...","AH:2102080333142001"
"CMIS21-00052","02/08/2021","02/08/2021","02/09/2021","02/25/2021","","COMMMISC","PLUMBING","FINALED","QUAIL RIDGE AT RALSTON","11135 RALSTON RD 214","REPLACING POLYBUTYLENE POTABLE...",3740,"","PHOENIX RENOVATION COMPANY, LL...","AH:2102080333142002"
"CMIS21-00053","02/08/2021","02/08/2021","02/09/2021","02/25/2021","","COMMMISC","PLUMBING","FINALED","QUAIL RIDGE AT RALSTON","11135 RALSTON RD 312","REPLACING POLYBUTYLENE POTABLE...",3740,"","PHOENIX RENOVATION COMPANY, LL...","AH:2102080333142003"
"CMIS21-00034","02/03/2021","02/03/2021","02/03/2021","02/12/2021","","COMMMISC","PLUMBING","FINALED","QUAIL RIDGE AT RALSTON","11145 RALSTON RD 101","REPLACING POLYBUTYLENE POTABLE...",5140,"","PHOENIX RENOVATION COMPANY, LL...","AH:2102031133410696"
"CMIS21-00035","02/03/2021","02/03/2021","02/03/2021","02/12/2021","","COMMMISC","PLUMBING","FINALED","QUAIL RIDGE AT RALSTON","11145 RALSTON RD 201","REPLACING POLYBUTYLENE POTABLE...",5140,"","PHOENIX RENOVATION COMPANY, LL...","AH:2102031133410697"
"CMIS21-00036","02/03/2021","02/03/2021","02/03/2021","02/12/2021","","COMMMISC","PLUMBING","FINALED","QUAIL RIDGE AT RALSTON","11145 RALSTON RD 301","REPLACING POLYBUTYLENE POTABLE...",5140,"","PHOENIX RENOVATION COMPANY, LL...","AH:2102031133410698"
"CMIS21-00037","02/03/2021","02/03/2021","02/03/2021","02/12/2021","","COMMMISC","PLUMBING","FINALED","QUAIL RIDGE AT RALSTON","11145 RALSTON RD 103","REPLACING POLYBUTYLENE POTABLE...",5140,"","PHOENIX RENOVATION COMPANY, LL...","AH:2102031133410699"
"CMIS21-00038","02/03/2021","02/03/2021","02/03/2021","02/12/2021","","COMMMISC","PLUMBING","FINALED","QUAIL RIDGE AT RALSTON","11145 RALSTON RD 203","REPLACING POLYBUTYLENE POTABLE...",5140,"","PHOENIX RENOVATION COMPANY, LL...","AH:2102031133410700"
"CMIS21-00039","02/03/2021","02/03/2021","02/03/2021","02/12/2021","","COMMMISC","PLUMBING","FINALED","QUAIL RIDGE AT RALSTON","11145 RALSTON RD 303","REPLACING POLYBUTYLENE POTABLE...",5140,"","PHOENIX RENOVATION COMPANY, LL...","AH:2102031133410701"
"CMIS21-00040","02/03/2021","02/04/2021","02/04/2021","02/22/2021","","COMMMISC","PLUMBING","FINALED","QUAIL RIDGE AT RALSTON","11135 RALSTON RD 121","REPLACING POLYBUTYLENE POTABLE...",5140,"","PHOENIX RENOVATION COMPANY, LL...","AH:2102031147140845"
"CMIS21-00041","02/03/2021","02/04/2021","02/04/2021","02/22/2021","","COMMMISC","PLUMBING","FINALED","QUAIL RIDGE AT RALSTON","11135 RALSTON RD 221","REPLACING POLYBUTYLENE POTABLE...",5140,"","PHOENIX RENOVATION COMPANY, LL...","AH:2102031147140846"
"CMIS21-00042","02/03/2021","02/04/2021","02/04/2021","02/22/2021","","COMMMISC","PLUMBING","FINALED","QUAIL RIDGE AT RALSTON","11135 RALSTON RD 321","REPLACING POLYBUTYLENE POTABLE...",5140,"","PHOENIX RENOVATION COMPANY, LL...","AH:2102031147140847"
"CMIS21-00043","02/03/2021","02/04/2021","02/04/2021","02/22/2021","","COMMMISC","PLUMBING","FINALED","QUAIL RIDGE AT RALSTON","11135 RALSTON RD 123","REPLACING POLYBUTYLENE POTABLE...",5140,"","PHOENIX RENOVATION COMPANY, LL...","AH:2102031147140848"
"CMIS21-00044","02/03/2021","02/04/2021","02/04/2021","02/22/2021","","COMMMISC","PLUMBING","FINALED","QUAIL RIDGE AT RALSTON","11135 RALSTON RD 223","REPLACING POLYBUTYLENE POTABLE...",5140,"","PHOENIX RENOVATION COMPANY, LL...","AH:2102031147140849"
"CMIS21-00045","02/03/2021","02/04/2021","02/04/2021","02/22/2021","","COMMMISC","PLUMBING","FINALED","QUAIL RIDGE AT RALSTON","11135 RALSTON RD 323","REPLACING POLYBUTYLENE POTABLE...",5140,"","PHOENIX RENOVATION COMPANY, LL...","AH:2102031147140850"
"CMIS21-00019","02/01/2021","02/01/2021","02/01/2021","02/09/2021","","COMMMISC","PLUMBING","FINALED","QUAIL RIDGE AT RALSTON","11145 RALSTON RD 102","REPLACING POLYBUTYLENE POTABLE...",5140,"","PHOENIX RENOVATION COMPANY, LL...","AH:2102010343441829"
"CMIS21-00020","02/01/2021","02/01/2021","02/01/2021","02/09/2021","","COMMMISC","PLUMBING","FINALED","QUAIL RIDGE AT RALSTON","11145 RALSTON RD 202","REPLACING POLYBUTYLENE POTABLE...",5140,"","PHOENIX RENOVATION COMPANY, LL...","AH:2102010343441830"
"CMIS21-00021","02/01/2021","02/01/2021","02/01/2021","02/09/2021","","COMMMISC","PLUMBING","FINALED","QUAIL RIDGE AT RALSTON","11145 RALSTON RD 302","REPLACING POLYBUTYLENE POTABLE...",5140,"","PHOENIX RENOVATION COMPANY, LL...","AH:2102010343441831"
"CMIS21-00022","02/01/2021","02/01/2021","02/01/2021","02/09/2021","","COMMMISC","PLUMBING","FINALED","QUAIL RIDGE AT RALSTON","11145 RALSTON RD 104","REPLACING POLYBUTYLENE POTABLE...",5140,"","PHOENIX RENOVATION COMPANY, LL...","AH:2102010343441832"
"CMIS21-00023","02/01/2021","02/01/2021","02/01/2021","02/09/2021","","COMMMISC","PLUMBING","FINALED","QUAIL RIDGE AT RALSTON","11145 RALSTON RD 204","REPLACING POLYBUTYLENE POTABLE...",5140,"","PHOENIX RENOVATION COMPANY, LL...","AH:2102010343441833"
"CMIS21-00024","02/01/2021","02/01/2021","02/01/2021","02/09/2021","","COMMMISC","PLUMBING","FINALED","QUAIL RIDGE AT RALSTON","11145 RALSTON RD 304","REPLACING POLYBUTYLENE POTABLE...",5140,"","PHOENIX RENOVATION COMPANY, LL...","AH:2102010343441834"
"CMIS21-00025","02/01/2021","02/01/2021","02/02/2021","02/04/2021","","COMMMISC","PLUMBING","FINALED","QUAIL RIDGE AT RALSTON","11145 RALSTON RD 111","REPLACING POLYBUTYLENE POTABLE...",5140,"","PHOENIX RENOVATION COMPANY, LL...","AH:2102010446202267"
"CMIS21-00026","02/01/2021","02/01/2021","02/02/2021","02/04/2021","","COMMMISC","PLUMBING","FINALED","QUAIL RIDGE AT RALSTON","11145 RALSTON RD 211","REPLACING POLYBUTYLENE POTABLE...",5140,"","PHOENIX RENOVATION COMPANY, LL...","AH:2102010446202268"
"CMIS21-00027","02/01/2021","02/01/2021","02/02/2021","02/04/2021","","COMMMISC","PLUMBING","FINALED","QUAIL RIDGE AT RALSTON","11145 RALSTON RD 313","REPLACING POLYBUTYLENE POTABLE...",5140,"","PHOENIX RENOVATION COMPANY, LL...","AH:2102010446202269"
"CMIS21-00028","02/01/2021","02/01/2021","02/02/2021","02/04/2021","","COMMMISC","PLUMBING","FINALED","QUAIL RIDGE AT RALSTON","11145 RALSTON RD 113","REPLACING POLYBUTYLENE POTABLE...",5140,"","PHOENIX RENOVATION COMPANY, LL...","AH:2102010446202270"
"CMIS21-00029","02/01/2021","02/01/2021","02/02/2021","02/04/2021","","COMMMISC","PLUMBING","FINALED","QUAIL RIDGE AT RALSTON","11145 RALSTON RD 213","REPLACING POLYBUTYLENE POTABLE...",5140,"","PHOENIX RENOVATION COMPANY, LL...","AH:2102010446202271"
"CMIS21-00030","02/01/2021","02/01/2021","02/02/2021","02/04/2021","","COMMMISC","PLUMBING","FINALED","QUAIL RIDGE AT RALSTON","11145 RALSTON RD 311","REPLACING POLYBUTYLENE POTABLE...",5140,"","PHOENIX RENOVATION COMPANY, LL...","AH:2102010446202272"
"CMIS21-00013","01/29/2021","01/29/2021","01/28/2021","02/02/2021","","COMMMISC","PLUMBING","FINALED","QUAIL RIDGE AT RALSTON","11145 RALSTON RD 112","REPLACING POLYBUTYLENE POTABLE...",5140,"","PHOENIX RENOVATION COMPANY, LL...","AH:2101290325281407"
"CMIS21-00014","01/29/2021","01/29/2021","01/28/2021","02/02/2021","","COMMMISC","PLUMBING","FINALED","QUAIL RIDGE AT RALSTON","11145 RALSTON RD 212","REPLACING POLYBUTYLENE POTABLE...",5140,"","PHOENIX RENOVATION COMPANY, LL...","AH:2101290325281408"
"CMIS21-00015","01/29/2021","01/29/2021","01/28/2021","02/02/2021","","COMMMISC","PLUMBING","FINALED","QUAIL RIDGE AT RALSTON","11145 RALSTON RD 312","REPLACING POLYBUTYLENE POTABLE...",5140,"","PHOENIX RENOVATION COMPANY, LL...","AH:2101290325281409"
"CMIS21-00016","01/29/2021","01/29/2021","01/28/2021","02/02/2021","","COMMMISC","PLUMBING","FINALED","QUAIL RIDGE AT RALSTON","11145 RALSTON RD 314","REPLACING POLYBUTYLENE POTABLE...",5140,"","PHOENIX RENOVATION COMPANY, LL...","AH:2101290325281410"
"CMIS21-00017","01/29/2021","01/29/2021","01/28/2021","02/02/2021","","COMMMISC","PLUMBING","FINALED","QUAIL RIDGE AT RALSTON","11145 RALSTON RD 214","REPLACING POLYBUTYLENE POTABLE...",5140,"","PHOENIX RENOVATION COMPANY, LL...","AH:2101290325281411"
"CMIS21-00018","01/29/2021","01/29/2021","01/28/2021","02/02/2021","","COMMMISC","PLUMBING","FINALED","QUAIL RIDGE AT RALSTON","11145 RALSTON RD 114","REPLACING POLYBUTYLENE POTABLE...",5140,"","PHOENIX RENOVATION COMPANY, LL...","AH:2101290325281412"
"CMIS21-00006","01/27/2021","01/28/2021","01/29/2021","02/22/2021","","COMMMISC","PLUMBING","FINALED","QUAIL RIDGE AT RALSTON","11135 RALSTON RD","REPLACING POLYBUTYLENE POTABLE...",5140,"","PHOENIX RENOVATION COMPANY, LL...","AH:2101270432261623"
"CMIS21-00007","01/27/2021","01/28/2021","01/28/2021","02/17/2021","","COMMMISC","PLUMBING","FINALED","QUAIL RIDGE AT RALSTON","11135 RALSTON RD 124","REPLACING POLYBUTYLENE POTABLE...",5140,"","PHOENIX RENOVATION COMPANY, LL...","AH:2101270442031694"
"CMIS21-00008","01/27/2021","01/28/2021","01/28/2021","02/17/2021","","COMMMISC","PLUMBING","FINALED","QUAIL RIDGE AT RALSTON","11135 RALSTON RD 224","REPLACING POLYBUTYLENE POTABLE...",5140,"","PHOENIX RENOVATION COMPANY, LL...","AH:2101270442031695"
"CMIS21-00009","01/27/2021","01/28/2021","01/28/2021","02/17/2021","","COMMMISC","PLUMBING","FINALED","QUAIL RIDGE AT RALSTON","11135 RALSTON RD 324","REPLACING POLYBUTYLENE POTABLE...",5140,"","PHOENIX RENOVATION COMPANY, LL...","AH:2101270442031696"
"CMIS21-00010","01/27/2021","01/28/2021","01/28/2021","02/17/2021","","COMMMISC","PLUMBING","FINALED","QUAIL RIDGE AT RALSTON","11135 RALSTON RD 122","REPLACING POLYBUTYLENE POTABLE...",5140,"","PHOENIX RENOVATION COMPANY, LL...","AH:2101270442031697"
"CMIS21-00011","01/27/2021","01/28/2021","01/28/2021","02/17/2021","","COMMMISC","PLUMBING","FINALED","QUAIL RIDGE AT RALSTON","11135 RALSTON RD 222","REPLACING POLYBUTYLENE POTABLE...",5140,"","PHOENIX RENOVATION COMPANY, LL...","AH:2101270442031698"
"CMIS21-00012","01/27/2021","01/28/2021","01/28/2021","02/17/2021","","COMMMISC","PLUMBING","FINALED","QUAIL RIDGE AT RALSTON","11135 RALSTON RD 322","REPLACING POLYBUTYLENE POTABLE...",5140,"","PHOENIX RENOVATION COMPANY, LL...","AH:2101270442031699"
"CMIS21-00002","01/08/2021","01/11/2021","01/13/2021","","07/12/2021","COMMMISC","MECHANICAL","EXPIRED","","8083 W 51ST PL","FURANCE 70K 98% AND AC 17 SEER...",12000,"","TIPPING HAT PLUMBING HEATING &...","DRO:2101081045500522"
"CMIS20-00285","12/18/2020","12/18/2020","02/09/2021","","08/08/2021","COMMMISC","MECHANICAL","EXPIRED","ASPEN BUSINESS PARK","5380 VIVIAN ST","REPLACE 2 ROOF TOP UNITS-LIKE ...",23000,"","B&B HEATING & AC","DRO:2012180912390295"
"CMIS20-00286","12/18/2020","12/18/2020","12/21/2020","12/22/2020","","COMMMISC","MECHANICAL","FINALED","","7195 SIMMS ST","REPLACE FURNACE WITH NEW 100K ...",4800,"","LAKESIDE HEATING & A/C INC","DRO:2012180153090811"
"CMIS20-00282","12/16/2020","12/16/2020","12/16/2020","","07/06/2021","COMMMISC","PLUMBING","EXPIRED","Arvada Col. Ter.","7550 GRANT PL","Installation of a 3 comp sink,...",1500,"","PROLINE PLUMBING LLC","AH:2012161036180544"
"CMIS20-00274","12/09/2020","12/09/2020","12/09/2020","01/11/2021","","COMMMISC","PLUMBING","FINALED","MAPLELEAF SUBDIVISION FILING N...","7090 SIMMS ST 106","REPLACE 40 GAL 40K BTU WATER H...",2413,"","HEART HEATING & COOLING LLC","AH:2012090937380432"
"CMIS20-00275","12/09/2020","12/09/2020","12/09/2020","","06/07/2021","COMMMISC","PLUMBING","EXPIRED","LAKE ARBOR TOWNHOMES","8778 CHASE DR 44","INSTALL A 40 GAL 40K BTU WATER...",1050,"","HEART HEATING & COOLING LLC","AH:2012091010110526"
"CMIS20-00277","12/09/2020","12/09/2020","12/09/2020","12/18/2020","","COMMMISC","MECHANICAL","FINALED","REPLAT OF LAKE ARBOR VILLAGE A...","5550 W 80TH PL 18","REPLACE 1.5 TON AIR CONDITIONE...",5400,"","OMG CONSTRUCTION","AH:2012090412301443"
"CMIS20-00263","11/09/2020","11/09/2020","11/11/2020","11/17/2020","","COMMMISC","PLUMBING","FINALED","NORTH VILLAGE APARTMENTS FILIN...","7901 W 52ND AVE 208","WATER HEATER 40 GAL",500,"","ABEYTA'S PLUMBING AND HEATING","DRO:2011091202271081"
"CMIS20-00264","11/09/2020","11/09/2020","11/11/2020","11/17/2020","","COMMMISC","PLUMBING","FINALED","COLUMBINE VILLAGE ON ALLISON M...","5340 ALLISON ST 118","WATER HEATER 40 GAL GAS",500,"","ABEYTA'S PLUMBING AND HEATING","DRO:2011091215111147"
"CMIS20-00265","11/09/2020","11/09/2020","11/11/2020","11/17/2020","","COMMMISC","PLUMBING","FINALED","COLUMBINE VILLAGE ON ALLISON M...","5340 ALLISON ST 108","WATER HEATER 40 GAL GAS",500,"","ABEYTA'S PLUMBING AND HEATING","DRO:2011091218321187"
"CMIS20-00259","10/30/2020","10/30/2020","10/30/2020","","04/28/2021","COMMMISC","MECHANICAL","EXPIRED","METZGER/MAFFEO SUBDIVISION, FI...","5450 WADSWORTH BYP","Replace like-for-like 25 TON R...",38000,"","STEEL T HEATING INC","AH:2010300233291587"
"CMIS20-00258","10/27/2020","10/27/2020","10/27/2020","10/28/2020","","COMMMISC","MECHANICAL","FINALED","THE YACHT CLUB","6830 XAVIER CIR 2","FURNACE REPLACEMENT, 66,000 BT...",3500,"","LAKESIDE HEATING & A/C INC","AH:2010270849500342"
"CMIS20-00145","09/28/2020","10/12/2020","07/13/2021","10/05/2021","","COMMMISC","MECHANICAL","FINALED","ST. ELIAS MINOR SUBDIVISION","7580 PIERCE ST","NEW EXHAUST FAN WITH SHUTTER W...",5000,"","AERO CONSTRUCTORS","DRO:2009280407132722"
"CMIS20-00095","09/18/2020","04/12/2021","07/13/2021","","01/09/2022","COMMMISC","MECHANICAL","EXPIRED","RALSTON VALLEY HIGH SCHOOL SUB...","13900 W 80TH AVE","NEW OCULUS DOME CAP W/EXHAUST ...",7500,"","AERO CONSTRUCTORS","DRO:2009180404142117"
"CMIS20-00094","09/16/2020","09/16/2020","09/16/2020","09/18/2020","","COMMMISC","PLUMBING","FINALED","2ND REPLAT OF LOT 4 NORTH PARK...","6530 WADSWORTH BLVD","REPAIR SEWER SERVICE LINE IN P...",1900,"","PROFESSIONAL SEWER EXCAVATION","AH:2009160254522342"
"CMIS20-00092","09/15/2020","09/24/2020","09/28/2020","09/30/2020","","COMMMISC","PLUMBING","FINALED","ARVADA WATER TOWER DISTRICT","7931 W 55TH AVE 306","REMOVE BATH TUB AND PUT IN SHO...",9000,"","MONACO ROBERTA","DRO:2009151144091613"
"CMIS20-00070","07/29/2020","08/03/2020","08/17/2020","08/28/2020","","COMMMISC","PLUMBING","FINALED","RIDGE PARK SUBDIVISION","5351 EVERETT ST 16","PLUMBING REMODEL OF KITCHEN AN...",3500,"","ACTION PLUMBING HEATING","DRO:2007291121080705"
"CMIS20-00071","07/29/2020","08/03/2020","08/05/2020","08/21/2020","","COMMMISC","PLUMBING","FINALED","RIDGE PARK SUBDIVISION","5351 EVERETT ST 20","PLUMBING REMODEL OF KITCHEN AN...",3500,"","ACTION PLUMBING HEATING","DRO:2007291136580796"
"CMIS20-00068","07/22/2020","07/22/2020","07/22/2020","","01/18/2021","COMMMISC","PLUMBING","EXPIRED","","14717 W 87TH PKWY","1"" IRRIGATION METER",0,"","WANER CONSTRUCTION CO INC","DRO:2007221107310720"
"CMIS20-00064","07/08/2020","07/14/2020","10/29/2020","01/04/2021","","COMMMISC","MECHANICAL","FINALED","COLUMBINE PROFESSIONAL PLAZA M...","6890 W 52ND AVE","REPLACE (2) RTU'S UNITS LIKE F...",120916,"","DESIGN MECHANICAL INC","DRO:2007080330452181"
"CMIS20-00062","07/06/2020","07/06/2020","07/08/2020","07/22/2020","","COMMMISC","MECHANICAL","FINALED","ARVADA SENIOR APARTMENTS","9555 W 59TH AVE","1,125,000 BTU BOILER REPLACEME...",5566,"","FRONTIER MECHANICAL INC","AH:2007061227521081"
"CMIS20-00057","06/30/2020","06/30/2020","07/10/2020","","01/06/2021","COMMMISC","PLUMBING","EXPIRED","ARVADA WATER TOWER DISTRICT","7703 W 55TH AVE 115","50 GAL WATER HEATER",1000,"","MASTER ROOTER PLUMBING LLC","AH:2006300903532558"
"CMIS20-00058","06/30/2020","06/30/2020","07/10/2020","","01/06/2021","COMMMISC","PLUMBING","EXPIRED","ARVADA WATER TOWER DISTRICT","7628 W 54TH AVE 201","50 GAL WATER HEATER",1000,"","MASTER ROOTER PLUMBING LLC","AH:2006300917412610"
"CMIS20-00059","06/30/2020","06/30/2020","07/10/2020","","01/06/2021","COMMMISC","PLUMBING","EXPIRED","ARVADA WATER TOWER DISTRICT","7733 W 55TH AVE 117","50 GAL WATER HEATER",1000,"","MASTER ROOTER PLUMBING LLC","AH:2006300922552654"
"CMIS20-00060","06/30/2020","07/02/2020","07/10/2020","","01/06/2021","COMMMISC","PLUMBING","EXPIRED","CREEKSIDE A PLANNED UNIT DEVEL...","5901 PIERCE ST","100 GAL, 199,000 BOILER REPLAC...",10500,"","MASTER ROOTER PLUMBING LLC","AH:2006300930312693"
"CMIS20-00053","06/17/2020","07/06/2020","08/06/2020","06/07/2021","","COMMMISC","MECHANICAL","FINALED","","6901 WADSWORTH BLVD","REPLACE BOILER,ROOFTOP UNIT,RE...",1023000,"","BRACONIER PLUMBING & HTG CO","DRO:2006171009440566"
"CMIS20-00052","06/15/2020","06/15/2020","06/16/2020","","12/13/2020","COMMMISC","MECHANICAL","EXPIRED","MAP OF NEWELLS ADDITION","5727 ALLISON ST","FURANCE 100K AND AC 2.5 TON",8795,"","COFFMAN & COMPANY HEATING AND ...","DRO:2006151253241595"
"CMIS20-00039","04/15/2020","04/15/2020","04/15/2020","","10/13/2020","COMMMISC","PLUMBING","EXPIRED","REPLAT OF TRACT A POMONA LAKES...","8001 WADSWORTH BLVD","100 GAL GAS WATER HEATER REPLA...",11500,"","KRAUS & COMPANY JETTING INC","AH:2004150837230161"
"CMIS20-00027","03/31/2020","03/31/2020","03/31/2020","","11/25/2020","COMMMISC","MECHANICAL","EXPIRED","ARBOR PLACE SUBDIVISION","7828 VANCE DR","REPLACE 2 ROOFTOP UNITS LIKE F...",15767,"","TOLIN MECHANICAL SYSTEMS CO","AH:2003311015080544"
"CMIS20-00023","03/12/2020","03/12/2020","08/03/2020","","01/30/2021","COMMMISC","PLUMBING","EXPIRED","HIGHLAND HOMES SUBDIVISION","9605 W 57TH PL","WATER HEATER 40 GAL 40K BTU LI...",2730,"","GOLDEN WEST PLUMBING HEATING &...","DRO:2003121222241053"
"CMIS20-00021","03/11/2020","03/11/2020","03/16/2020","","10/13/2020","COMMMISC","PLUMBING","EXPIRED","ARVADA MARKETPLACE FILING NO. ...","7490 W 52ND AVE","WATER HEATER 65 GAL 370K BTU L...",14400,"","KRAUS & COMPANY JETTING INC","DRO:2003110214511490"
"CMIS20-00022","03/11/2020","03/12/2020","03/12/2020","05/07/2020","","COMMMISC","MECHANICAL","FINALED","MARCELLA MANOR","6555 SCHNEIDER WAY","BOILER REPLACEMENT-IN EXISTING...",272000,"","ADVANCED HYDRONICS INC","DRO:2003110250571617"
"CMIS20-00020","03/10/2020","05/01/2020","06/16/2020","06/24/2020","","COMMMISC","MECHANICAL","FINALED","","8600 WADSWORTH BLVD A","GOLF COURSE HVAC IMPROVEMENTS",82500,"","ELITE REFRIGERATION LLC","AH:2003101043570580"
"CMIS20-00016","03/02/2020","03/02/2020","03/02/2020","04/27/2020","","COMMMISC","PLUMBING","FINALED","","13150 W 72ND AVE","WATER STORAGE TANK REPLACEMENT",39020,"","BUILDING TECHNOLOGY SYSTEMS","DRO:2003020403331930"
"CMIS20-00015","02/28/2020","02/28/2020","03/02/2020","11/24/2020","","COMMMISC","MECHANICAL","FINALED","RALSTON STATION FILING NO. 7","11702 RALSTON RD","2 - 140K RTU REPLACEMENT",5680,"","AVALANCHE A/C & HTG dba AVALAN...","AH:2002280411481950"
"CMIS20-00013","02/25/2020","02/25/2020","02/25/2020","","09/13/2020","COMMMISC","PLUMBING","EXPIRED","Arvada Col. Ter.","5760 WADSWORTH BLVD","REPLACE (2) RINNAI TANKLESS WA...",8075,"","LAKEWOOD PLUMBING LLC","DRO:2002250436132394"
"CMIS20-00010","02/24/2020","02/24/2020","02/24/2020","03/13/2020","","COMMMISC","PLUMBING","FINALED","ARVADA FAMILY HEALTH CARE CENT...","7950 KIPLING ST 102","SINK WITH UNDERSINK INJECTION",3000,"","FRONTLINE PLUMBING & DESIGN","DRO:2002241021160837"
"CMIS20-00009","02/19/2020","02/24/2020","03/03/2020","03/13/2020","","COMMMISC","MECHANICAL","FINALED","","6440 W 56TH PL","2-AC 2 TON5 TON  2-FURANCE 70K...",19276,"","ALLEN'S HEATING A/C & SM INC","DRO:2002191235511740"
"CMIS20-00003","01/21/2020","01/21/2020","01/21/2020","","07/19/2020","COMMMISC","PLUMBING","EXPIRED","ARVADA WEST TOWN CENTER FIRST ...","14575 W 64TH AVE","(2) TANKLESS WATER HEATERS-199...",8372.49,"","COLORADO MOUNTAIN MECHANICAL","DRO:2001211155561195"
"CMIS20-00004","01/21/2020","01/21/2020","01/21/2020","","07/19/2020","COMMMISC","PLUMBING","EXPIRED","ARVADA RIDGE","5095 KIPLING ST","(2) TANKLESS WATER HEATERS - 1...",7977.33,"","COLORADO MOUNTAIN MECHANICAL","DRO:2001211256091432"
"CMIS19-00090","11/08/2019","03/12/2020","03/19/2020","","09/15/2020","COMMMISC","MECHANICAL","EXPIRED","WILLOW INDUSTRIAL PARK","5861 TENNYSON ST","PRIORITY PLASTICS PROCESS CHIL...",137427,"","TOLIN MECHANICAL SYSTEMS CO","AH:1911081124000624"
"CMIS19-00084","10/16/2019","10/18/2019","06/23/2020","07/23/2020","","COMMMISC","MECHANICAL","FINALED","LAKE ARBOR FILING NO. 1","7451 W 83RD WAY","LAKE ARBOR POOL HOUSE HVAC SYS...",65831.75,"","HOLBROOK SERVICE","CP:1910160156101831"
